Title_si,Title_en,Lyricist,Lyricist_en,Lyrics,Singer,Singer_en,Composer,Composer_en,Metaphor,Source,Target,Intepretation
අහසයි ඔබ මට,Ahasai Oba Mata,බන්ධුල නානායක්කාර,Bandula Nanayakkare,අහසයි ඔබ මට නිම් හිම් නොපෙනෙන ඉණිමං බඳිනු බැරී පොළොවයි ඔබ මට තරුවක් විලසට රෑ කල පතිත වෙමි //  ගඟේ වතුර නෑ ඉහලට ගලා ගියේ අසිනි හඬින් නෑ කඳු බිම් සසල උනේ ගඟ කවදා හෝ මුව දොර හමු වෙනවා ලොව කැලඹුණු දා කඳු බිම් හැකිලෙනවා  අහසයි ඔබ මට...  අනාත සයුරට වැහි දිය දෝත ඔබයි අගාධ අඳුරක දුල රන් සිළුව ඔබයි ඔබ මට ලඟ බව ඉඳුරා මම දනිමී ඔබ වට කහවනු පවුරට මහ දුරකී  අහසයි ඔබ මට... //,සුනිල් එදිරිසිංහ,Sunil Edirisinghe,රෝහණ වීරසිංහ,Rohana Weerasinghe,අහසයි ඔබ;පොළොවයි ඔබ,අහස;පොළොව,ඔබ;ඔබ,ඔබ අහසක් වගේ ළං වීමට නොහැකි;මා තරුවක් වූ විට පොළොව දුරස් සේ ඔබ ළං වීමට නොහැක
මා ඉතින් යන්න යනවා,Maa Ithn Yanna Yanawa,රත්න ශ්‍රී විජේසිං,Rathan Sri Wijesinghe,මා ඉතින් යන්න යනවා මට යන්න අවසරයි මට අරන් යන්න ඇත්තේ ඒ මතකය විතරයි නුඹ සඳක් වෙලා පායා මට එළිය වුණු වගයි නුඹ සඳක් සේම බැස යයි මට ඉතිරි කළුවරයි මගෙ මතක එපමණයි  මා ඉතින්...  සඳ එළිය අයිති ලොවටයි සඳ අයිති අහසටයි පිණි කඳුළු බිංදු විතරක් මේ බිමට වැටෙනු ඇයි මට උරුම එපමණයි  මා ඉතින්...,සුනිල් එදිරිසිංහ,Sunil Edirisinghe,රෝහණ වීරසිංහ,Rohana Weerasinghe,නුඹ සඳක් වෙලා පායා මට එළිය වුණු වගයි,සඳ,නුඹ,නුඹ සඳක් වගේ මගේ ලොව එළිය කරනවා
සීතල දිය පිරි සුනිල විලයි,Seethala Diya Piri Sunila Wilai,මහගම සේකර,Mahagama Sekara,"සීතල දිය පිරි සුනිල විලයි....
ඒ විල මැද ඔබ සුවඳ මලයි ....
ගිමන් නිවාලන සුළං රැලක් වී
ඔබේ සිනා මට පවන් සලයි.....

අසරණ වී මා ජීවිත කතරේ
අන්ධකාරයේ සැරිසැරුවා
ඔබේ නිහඬ නෙත ඈත සිතිජයෙන්
උදාවෙලා මට අත වැනුවා

දෑසට නොපෙනෙන ඝන නිල් අඳුරේ
ඔබේ හදින් මා දෙස බැලුවා
දෑසට නොපෙනෙන මා හද පතුලේ
සුන්දරතාවය ඔබ දුටුවා

ඔබේ කුසුම ඔබ දෝතින් අරගෙන
ආදරයෙන් මා වෙත පිදුවා
ඒ මොහොතෙම තව සිය දහසක් මල්
මා වට කර හැමතැන පිපුණා",සුනිල් එදිරිසිංහ,Sunil Edirisinghe,රෝහණ වීරසිංහ,Rohana Weerasinghe,"ඔබ සුවඳ මලයි;ගිමන් නිවාලන සුළං රැලක් වී
ඔබේ සිනා",සුවඳ මල;ගිමන් නිවාලන සුළං රැලක්,ඔබ;ඔබේ සිනා,මලක් විසින් විලක් සුවඳවත් කරන්නා වගේ ඔබ මගේ ජීවිතය සරසයි;සුළං රැලක් මහන්සිය නැති කරන්නාක් මෙන් ඔබේ සිනා මගේ විඩා නැති කරයි
නිම් තෙරක් නොදුටු,Nim Therak Nodutu,බන්ධුල නානායක්කාර,Bandula Nanayakkare,නිම් තෙරක් නොදුටු මේ ලෝකයේ රුදු සපුන් නිබඳ සරනා බිමේ // ඔබේ සිනා වත මගේ නවාතැන අරුණු විහිදුවාවී ජීවිතයේ  රැල් නගා ගලන ගංගා දියේ මං වසා දමනු හැකිදෝ කෙසේ // සොයා සයුරු දිය හඹා ඇවිත් ගඟ සදා සැඟව යාවී සාගරයේ  සිල් බිඳී මුවන් කැලඹූ වනේ බිම නොලා නෙලූ ඵල මාවතේ // සදා ඔබේ ගිම් බෙදාගනිම් මම් තැවුල් සැඟව යාවී මාරුතයේ  නිම් තෙරක් නොදුටු මේ..,සුනිල් එදිරිසිංහ,Sunil Edirisinghe,රෝහණ වීරසිංහ,Rohana Weerasinghe,ඔබේ සිනා වත මගේ නවාතැන,මගේ නවාතැන,ඔබේ සිනාව,ඔබේ සිනාව මගේ ජීවිතයේ සැනසීමක් දෙන නවාතැනකි;
හදේ කොතැනක,Hade Kothanaka,කුමාරදාස සපුතන්ත්‍රි,Kumaradasa Saputhanthri," හදේ කොතැනක හෝ හිඳී ඔබ නිදා නොනිදා මෙන් බලා අවසර සොයා කල් දැන වෙලා හස රැහැනින් පෙළයි මා, මුදා සුව දැහැනින් //  සයුර ඉම රත් සිතිජ රේඛාවේ මියෙන හිරු සේ ගිලී ගිම් අඳුරේ තලා මා සිත පලා ගිය ඔබ දවයි මා….හද, තනිවෙනා මොහොතින්  හදේ කොතැනක...  උතුම් පිවිතුරු ප්‍රේමයේ නාමෙන් සහස් සුවහස් පැතුම් බල මහිමෙන් ඉනූ කඳුලද සිඳෙන්නට පෙර යදින්නම්…. ඔබ, මැකී යනු මතකෙන්  හදේ කොතැනක… ",සුනිල් එදිරිසිංහ,Sunil Edirisinghe,රෝහණ වීරසිංහ,Rohana Weerasinghe,සයුර ඉම රත් සිතිජ රේඛාවේ මියෙන හිරු සේ ගිලී ගිම් අඳුරේ තලා මා සිත පලා ගිය ඔබ දවයි මා,මියෙන හිරු,මගේ සිත,බැසයන හිරු සිතිජ රේඛාවේ ලෝකයක් අඳුරේ ගිල්වා යන්නාක් මෙන් ඔබ මා සිත වේදනාවේ දමා පැන යයි
හඬන පන නල යදින සැනසුම,Handana Pana Nala Yadina Sanasuma,කේ.ඩී.කේ ධර්මවර්ධන,K.D.K. Dharmawardana,"හඬන පන නල යදින සැනසුම
දැවී යයි හද චිතකයේ
කඳුලු බිඳුවක සිසිල පමනකි
වියලි කතරට හිමි වුනේ . .

යොවුන් සිතිවිලි විපිලිසර වී
මහළු ලොව තුල මිය ඇදේ
සයින් පීඩිත හඬන සුරගුරු
යදී සිඟමන් මාවතේ

රකුසු පියසක පිපුනු කුසුමක
මලවි හමුවන පින නැතේ
දෑස නැති විට නුහුරු මංපෙත
සරන පා යුග පටලැවේ",සුනිල් එදිරිසිංහ,Sunil Edirisinghe,ලක්ෂ්මන් විජේසේකර,Lakshman Wijeseekara,දෑස නැති විට නුහුරු මංපෙත සරන පා යුග පටලැවේ,නුහුරු මංපෙත සරන පා යුග,දෑස නැති අයෙකුගේ ආදරය,දෑස නැතිවිට කියන්නේ සරණක් නැත්නම් ආදරයක් නොමැතිව නුහුරු ජීවන ගමන තනිව යාමට අපහසුයි
පැන මඩ කඩිති,Pana Mada Kadithi,මහින්ද චන්ද්රසේකර,Mahinda Chandrasekara,පැන මඩ කඩිති වැව් තාවලු වැහි කාලේ පෙන්නා මග නොමග නොවැටී යන තාලේ සිප් කිරි පෙවූ මූසිලයින් උඩු මාලේ අපෙ ගුරුතුමා යයි තාමත් ඉස්කෝලේ  සාමා අමර විකුණති බස් පොළේ කජු කුමාරෝද පිටු දන් දෙති එයින් මතු උගත මනා ශිල්පය පිල් කඩ නොපැතූ වේවැල වටා ඉකිබිඳ දඬුවමක් පැතූ  රන්මසු පටපිළී අබරණ උරණ වෙලා සමන්පිච්ච කැකුළිය ගෙයි මිලින වෙලා ගුරු නිවහනේ කඳුලට උල්පතක් වෙලා ලොකු හාමිනේ ඇත බිතු සිතුවමක් වෙලා  පැන මඩ කඩිති වැව් තාවලු ...,සුනිල් එදිරිසිංහ,Sunil Edirisinghe,රෝහණ වීරසිංහ,Rohana Weerasinghe,සිප් කිරි පෙවූ මූසිලයින් උඩු මාලේ අපෙ ගුරුතුමා යයි තාමත් ඉස්කෝලේ,මූසිලයින්,ගුරුතුමා,දැනුම ළමයින්ට මැනවින් පොවනා මූසිල ඇදුරු තුමා වැනි මට අපේ ගුරුතුමා
මිනිසකු පිට නැගී අසරුවෙකි,Miniseku Pita Nagi Asaruweki,ප්‍රේමකීර්ති ද අල්විස්,Premakeerthi da Alwis,"මිනිසකු පිට නැගී අසරුවෙකි
ඒ බර ගෙයි වහලට බරකි
පාන්දරින් පැරදුන ඒ මිනිහා
හැන්දෑවෙත් අසු පිටට නගී....

හෙට මම ගෙදරට සුර සැප දෙනවා
අද රෑ ලුණුමිරිසෙන් ගතවෙනවා
කාසි මල්ල සතෙකුගේ පිට යනවා
දු දරුවන් පැදුරේ නිදියනවා....

ඉරණම විසදුම සතෙකුට දෙනවා
තිරිසනෙකුට මිනිසකු පරදිනවා
දරුවන් බිරිදත් ගිනි උහුලනවා
හීනෙන් නුබ තව ගෙවල් හදනවා",සුනිල් එදිරිසිංහ,Sunil Edirisinghe,එච්. එම්. ජයවර්ධන,H.M. Jayawardane,ඒ බර ගෙයි වහලට බරකි,ගෙයි වහල,ජීවන බර,යමෙකු සූදුවට පෙළඹීම නිසා සිදුවන ධන හානියේ ප්‍රතිඵලය නිවසේ ජීවන බරට දැනේ
දෙවැනි බුදුන් ලෙස,Dewani Budhun Lesa,සුනිල් ආරියරත්න,Sunil Ariyarathne,දෙවැනි බුදුන් ලෙස ලොවම උවම් කල ලොවක පිදුම් ලද ලොවට උතුම් ලඳ අම්මා.....අම්මා.....  දෙසවන් සනහා මා නැලවූ ඔබ මියුරු මියැසියේ අරුත කියා දුනි ඒ මියැසිය අද මා ගයනා විට මා සිපගන්නට ඔබ මා ලඟ නැත අම්මා....අම්මා.....  ඇසට හඬන්නට කඳුලැලි දුන් ඔබ ලතැවුල් දරනා දිරිය ලබා දුනි ඒ දිරියෙන් ලොව ජය ලබනා විට මා සිපගන්නට ඔබ මා ලඟ නැත අම්මා....අම්මා.....  දෙවැනි බුදුන් ලෙස...,සුනිල් එදිරිසිංහ,Sunil Edirisinghe,රෝහණ වීරසිංහ,Rohana Weerasinghe,දෙවැනි බුදුන් ලෙස ලොවම උවම් කල ලොවක පිදුම් ලද ලොවට උතුම් ලඳ අම්මා.,දෙවෙනි බුදුන්,අම්මා,මිනිසුන්ගේ සිත් සනසන යහ මග ගෙනයන දෙවෙනි බුදුවරයෙක් වැනි අම්මා
මිනිසා සුවඳයි මල සේ,Minisa Suwandai Malasee,කුමාරදාස සපුතන්ත්‍රි,Kumaradasa Saputhanthri,මිනිසා සුවඳයි මල සේ නුවණින් එළියයි හිරු සේ පරවී වැටිලා ඒ හිරු මල මේ දෙරණේ  පොළවේ උරුමේ කියමින් බිලිදී විහිඟුම් ගුණදම් දහසින් මියෙනා සටනින් අඟලේ හිමිකම් සොයමින් ලොව නහවා සෝ කඳුලින් සැනහේ ජය පැන් පුරමින්  මිනිසා සුවඳයි....  උණු ලේ විෂ වී සිරුරේ ඉසුරන් ගැටෙනා අතරේ ගිනි මල් පිපිලා අහසේ ඇවිලේ ගිනි දැල් සයුරේ සා පවසින් ඉකි බිඳිනා සුසුමෙන් යදියන් හෙලනා  මිනිසා සුවඳයි...,සුනිල් එදිරිසිංහ,Sunil Edirisinghe,රෝහණ වීරසිංහ,Rohana Weerasinghe,උණු ලේ විෂ වී සිරුරේ ඉසුරන් ගැටෙනා අතරේ ගිනි මල් පිපිලා අහසේ ඇවිලේ ගිනි දැල්,අහසේ ගිනි මල්,උණු ලේ,අහසේ ගිනිමල් පිපී ඇවිලී දැවෙනවා සේ උණු ලේ විෂ වී සිරුරේ ගැටේ
ලෙන්චිනා මගෙ නංගියේ,Lenchina Mage Nangiye,රත්න ශ්‍රී විජේසිං,Rathan Sri Wijesinghe,ලෙන්චිනා මගෙ නංගියේ ඇයි ගංතෙරට වී ගොම්මනේ //  පෙත්තරේ ලඟ පැන් තොටේ ගම්මානයේ පව් සෝදනා රත්තරන් වී කළු වලාකුළු චන්ද්‍රයා සේ පායලා ලෙන්චිනා ඇති වැඩ කලා දැන් ගෙදර යං කළුවර වුණා  ලෙන්චිනා මගෙ... //  පින්වතුන් කැල ඇන්ද සළුපිලි සේදුවා නුඹ සේදුවා තාම නෑ කිලිකුණු ගිහින් ඒ කිම්ද නොදැනේ කාරණා සේදිලා පරිශුද්ධ වීමෙන් යුග දෑත් නුඹෙ බබලනා  ලෙන්චිනා මගෙ...//,සුනිල් එදිරිසිංහ,Sunil Edirisinghe,රෝහණ වීරසිංහ,Rohana Weerasinghe,ලෙන්චිනා මගෙ නංගියේ ඇයි ගංතෙරට වී ගොම්මනේ,ගොම්මන,අඳුරු තමන්ගෙ උරුමය,ඇය හැමදාමත් මේ විදියට අඳුරට වෙලා වැඩ කරන්නෙ ඒක තමන්ගෙ උරුමය හෝ  කරුමය ලෙස සලකමින්.ඒ අඳුරෙම ඉන්නෙ ඇයි?
වෙරළු ගෙඩිය,Weralu Gediya,වසන්ත කුමාර කොබවක,Wasantha Kumara Kobawaka,වෙරළු ගෙඩිය හරි අටකට කපා ගෙන කොටහක් නොකා දෙගුරුන්ටත් තබාගෙන උන් අපි එදා සත් කුළු පව් විලාසෙන පැල ඉනි වැටට ඇයි අද ඇණ කොටා ගෙන  පොඩි උන් දොහේ මල් මතකය ඉරාගෙන හොඳ හිත ගිහින් උඩු හුලඟට ගසාගෙන // මහගෙයි බිමට තනි උරුමය කියාගෙන සතුරන් වෙලා උනුනට දෙස් තියාගෙන  වෙරළු ගෙඩිය...  තිරිසන් උනෝතින් කිසි හව්හරණ නැති ලන්දක කකා ලන්දක කල් යල් හරිති // එක මිහි සයන කාටත් නිදි සුවය දෙති බිම් පංගුවට ලොල් වී මළගම් නොයති  වෙරළු ගෙඩිය...,සුනිල් එදිරිසිංහ,Sunil Edirisinghe,වික්ටර් රත්නායක,Victor Rathnayake,මල් මතකය,මල,මතකය,පුංචි කාලෙයේ මතකය මලක් වගේ සුන්දරයි
මේ තරම් සියුමැලිද කළු ගල්,Mee Tharam Siyumalida Kalu Gal,රජී වෙල්ගම,Rajee Welgama,මේ තරම් සියුමැලිද කළු ගල් හිතන්නටවත් බැරි නිසා මම ගියා අවුකන බුදුන්ටත් දෑස් දුන් මිනිසා සොයා //  කලා වැව ලඟ ඉලුක් හෙවනක මැටි පිලක පැදුරක් එලා රිදුම් පිරිමදිමින් බලයි ඔහු මැරෙන ඉපදෙන රළ දිහා  ඉසුරුමුණියේ නුඹ තැනූ පෙම්බරිය කොතැනද කියා මා ඇසූ විට හිනැහුණා ඔහු තවම තනිකඩයැයි කියා //,සුනිල් එදිරිසිංහ,Sunil Edirisinghe,දර්ශන රුවන් දිසානයක,Darshana Ruwan Disanayake,මේ තරම් සියුමැලිද කළු ගල්,කළු ගල්,ශිල්පියාගෙ සිත,ඉතා අමාරු නිර්මාණ කරන කළු ගල් ශිල්පියාගෙ සිත කොහොමද මෙතරම් සියුමැලි  උනේ
අවපස අහසක,Awapasa Ahasaka,කුලරත්න ආරියවංස,Kularathna Ariyawansha,අවපස අහසක තරු ලකුණක් සේ අපමණ සයුරක තුරු දසුනක් සේ දිගු දිවි ගමනේ..ඉම ඔබ රැඳුණේ //  මාවත අවහිර නිමවා දළ රළ පෙල සැතපෙනවා සැළමුතු සෙනෙහස මඳ පවනක් වී ගැඹරේ නිම මුමුණනවා  අවපස අහසක...  දෝතක අසෙනිය ගවසා ඔබ පෙරමඟ හිනැහෙනවා විකසිත සිහිනේ සුබ කවියක් වී දෙනෙතේ සිත ලියැවෙනවා  අවපස අහසක... //,සුනිල් එදිරිසිංහ,Sunil Edirisinghe,රෝහණ වීරසිංහ,Rohana Weerasinghe,සැළමුතු සෙනෙහස මඳ පවනක් වී ගැඹරේ නිම මුමුණනවා,මද පවන,සැළමුතු සෙනෙහස,මද පවනක් අහස් ගැඹේ මුමුණන්නාක් මෙන් ඔබේ සෙනෙහස මගේ සිතේ සැරිසරයි
මහ වැස්සක් බිමට හලා,Maha Wassak Bimata Hala,සුනිල් දයානන්ද සේකර,Sunil Dayanada Sekara,මහ වැස්සක් බිමට හලා නිදහස් වූ අහසක් සේ ඔබ නිසොල්මනේ එපා හිඳින්න ඔබේ නිහඬ බව මට බෑ දරාන ඉන්න අනේ තව ටිකකින් හිනාවෙලා කථා කරන්න ඔබේ නිහඬ බව මට බෑ දරාන ඉන්න  විරසක සුසුම් මහගෙයි පුරා ඇසෙන්නේ කවුළු දොරින් ගෙට එන නිදි නැති අටවක සඳ තනි යහනේ සරදම් රටා වියන්නේ  මහ වැස්සක්...  විස කටු ඇනී ආතුර වූ සිතට ඔබේ ඔබ මට කියා දුන්න සෙත් කවියක් කියන්න නිවැරදි මිනිසුන් කොයි දෙසද ඉපදුණේ  මහ වැස්සක්...,සුනිල් එදිරිසිංහ,Sunil Edirisinghe,සුනිල් දයානන්ද සේකර,Sunil Dayanada Sekara,මහ වැස්සක් බිමට හලා නිදහස් වූ අහසක් සේ ඔබ,මහ වැස්ස,ඔබ,මහ වැස්සකට පසු ඇතිවෙන නිහඬ බව වගේ ඔබේ නිහඬ බව
අහස පොළව,Ahasa Polawa,යමුනා මාලිනී පෙරේරා,Yamuna Malini Perera,අහස පොළව වටපිටාව හරිම හිස්තැනක් ගහක් කොලක් දියක් නොමැති කාන්තාරයක් ඇදී එන්න ඒ මොහොතේ හඬා වැටෙන හද මඬලට ඔබයි මමයි ඉන්නා තැන කොහෙද තනිකමක් නැහැනෙ තනිකමක්...  කණක මිණක තරුවක රුව නොපෙණුනි ඔබ දකින තුරා ලොවක සිරිය නොදුටිමි මා ඔබෙ සෙනෙහස ලබන තුරා  අහස පොළව...  විලක දොලක සුව නොලදිමි ඔබ මා හා රැඳෙන තුරා මලක සුවඳ ඇත මසිතේ ඔබ මා ලඟ සිටින තුරා  අහස පොළව...,සුනිල් එදිරිසිංහ,Sunil Edirisinghe,රෝහණ වීරසිංහ,Rohana Weerasinghe,මලක සුවඳ ඇත මසිතේ ඔබ මා ලඟ සිටින තුරා,මලක සුවඳ,ඔබ,ඔබේ මතකයන් මලක සුවඳ මෙන් මිහිරිය
චන්ද්‍ර මණ්ඩලේ,Chandra Mandale,"
රත්න ශ්‍රී විජේසිංහ",Rathna Sri Wijesinghe,චන්ද්‍ර මණ්ඩලේ සැතපුණ පුංචි සාවියේ මන්ද කියාපන් නොකියා හැංගිලා ගියේ පාන නිවුන සේ පාළුයි ලැයිම් කාමරේ මන්ද නුඹ ගියේ කියපන් පුංචි සාවියේ  ලාබ රත්තරන් දිලිසෙන පාළු වීදියේ ගෑනු ළමයි පියාඹලා ඉස්සරත් ගියේ උන්ට සෙයිලමේ මඟතොට පාර වැරදුණේ අන්න ඒ නිසයි මට දුක රත්තරන් දුවේ  මාල බැඳන් සුදු යකඩෙන් රෝස මල් වනේ මාල ගිරව් ගේ දොරකඩ සිංදු කිව් වෙලේ හීනෙනුත් හිතුනෙ නෑ මට මොකද කාරණේ පාර මතක නං තාමත් ගේ ලඟයි දුවේ,සුනිල් එදිරිසිංහ,Sunil Edirisinghe,රෝහණ වීරසිංහ,Rohana Weerasinghe,චන්ද්‍ර මණ්ඩලේ සැතපුණ පුංචි සාවියේ,සඳ සහ හාවා,"
අහිංසක දරුවන්",සදෙන් වෙන් නොවන හාවෙකු මෙන් අහිංසක දරුවන්
රන් සමනලයෝ,Ran Samanalayoo,ප්‍රේම කීර්ති ද අල්විස්,Prema Keerthi de Alwis," රන් සමනලයෝ පුංචි කැකුලියෝ දේදුන්නේ නැඟිලා // මීදුම් සළුවේ, තුරු මල් උයනේ කොයි යන්නේ පියඹා රන් සමනලයෝ පුංචි කැකුලියෝ දේදුන්නේ නැඟිලා  පෙම්බර ආල හිතේ ගී නොවෙදෝ ගැයුවේ මොළකැටි බාල වියේ ඒ හුරතල් කොතැනේ මව් දෑතින් මිදුණාදෝ යෞවනයේ මත් වීදෝ  රන් සමනලයෝ පුංචි කැකුලියෝ දේදුන්නේ නැඟිලා //  ලද මනමාල හිතේ ආදරයේ සුවඳේ තව නොදිටීද ලොවේ ජීවිතයේ අරුමේ මල් යහනා පැතුවාදෝ ඒ යහනා හමුවේදෝ ",සුනිල් එදිරිසිංහ,Sunil Edirisinghe,සරත් ද අල්විස්,Sarath de Alwis, රන් සමනලයෝ පුංචි කැකුලියෝ දේදුන්නේ නැඟිලා, රන් සමනලයා,පුංචි දරුවන්,පුංචි දරුවන්  රන් සමනලයින් මෙන් ලස්සනයි අහිංසකයි
ඈ නුවන් තාරකා දල්වා,Aa Nuwan Tharaka Dalwa,ප්‍රේම කීර්ති ද අල්විස්,Prema Keerthi de Alwis,"ඈ නුවන් තාරකා දල්වා වෙන්වී ගියා නෑ ආදරේ ඈ සිතේ මා තරම් // ලංවී පෙමින්මං මත් කර ඈ හැඟම්පා වී ගියා මීදුම් කඳුළක් ලෙසින්නෑ  ආදරේ ඈ සිතේ මා තරම්
ඈ නුවන් තාරකා ..සුන් වූ හදින් පැතුමන් බොඳ වූ ලොවින් ආයේ දැනෙයි සුවඳක් සිරුරේ ඇගෙන් නෑ ආදරේ ඈ සිතේ මා තරම් ඈ නුවන් තාරකා ...........",ටී.එම්.ජයරත්න,T.M.Jayarathna,වික්ටර් රත්නායක,Victor Rathnayake,ඈ නුවන් තාරකා දල්වා ,තරු,ඇගේ ඇස්,ඇගේ ඇස් අහසේ පායන තාරකා මෙන් අලෝකමත් වේ
සදකඩපහණක,Sandakada Pahanaka,"
වොලි නානායක්කාර",Voeli Nanayakkara,සදකඩපහණක කැටයම් ඔපලා පාවෙන දේදුණු ලැගුම් ගනී කැලතුනු රසයක පැන ආ බුබුලක් අකුරු වැලක් දෙහදක ලියැවේ යුගයෙන් යුගයට නොමියන දහනක දිවියක පදනම මතුවෙද්දී නොපෙනෙන ඈතට ඈ ගෙන යනවා සියුමැලි කැකුලක් මැළවෙද්දී//  දහසක් පෙති මත රහසක් කොඳුරා තුඩින් තුඩට ගෙන යන බින්දූ අහසත් ගුගුරා කලුවක් වපුරා ඒ හා මුහුවුණු වැහි බින්දු ඈ ගෙන යද්දී නටඹුන් අතරට තවකෙක් ඈ වෙත හද රැන්දූ//  හදවිල ඉපැදුණු කැකුලක් නොකලත නටුවෙන් ගලවා දුරක යවා මිහිලිය තෙත් කොට ගිලිහුණු කඳුළක් සත්සමුදුරකට මුසුව ගියා ඔබට උරුම වූ තැවුනු දැවුණු හද එක්ටැම් මැදුරක කවුළු අරා රුවන් විමානෙන් පියඹා එනතුරු පොපියන හදවත සිටී බලා//,සුනිල් එදිරිසිංහ,Sunil Edirisinghe,වික්ටර් රත්නායක,Victor Rathnayake,සදකඩපහණක කැටයම් ඔපලා පාවෙන දේදුණු ලැගුම් ගනී,සදකඩපහණ,ස්ථිර ආදරය,සඳකඩපහණක කැටයම් සේම ස්ථීර යයි සිතූ ප්‍රේමය අද පාවෙන දේදුන්නක් තරමටම වෙනස් වන සිතුවිල්ලක් පමණකි.
රන් මලක් ලෙස,Ran Malak Lesa,කුමාරදාස සපුතන්ත්‍රී,Kumaradaasa Saputhanthri,ආ..ආ...ආ...  රන් මලක් ලෙස දෙව් බඹුන් දෝතින් පිදූ මේ පින්බිමේ පස් පිඩක් ගිලිහී නොයන්නට රන් වැටක් ඇත සිව්කොනේ නෙත් පුරා එක හීනයේ මුළු ලෝකයා නිදනා රැයේ දේශයේ මුර දේවතා එළි රෑ පුරා දැල් වී තිබේ ආ..ආ...ආ... ලෙහි හොවා වැඩු සිය පුතුන් අත අවි දරා වැද රණ මතින් දෑ විකුම් වැද දෑ බැතින් හිස අත් මුදුන් දෙති පියවරුන් මව්බිමේ හිමිකම් පතා තම දිවි පිදූ කළ ඒ පුතුන් තුන් හෙළේ හැම මව්වරුන් ළය කිරිපෙවී ඇත උන් නමින් ආ..ආ...ආ... මව් කුසින් නොව දෙව් කුසින් සිරිලක උපන් විරු දරුවනේ අපි ඔබෙන් නව පණ ලබා මෙහි යළි උපන්නෙමු අද දිනේ නෑසියන් සොයුරන් ඔබේ අද දූ පුතුන් හැම මේ බිමේ හදවතින් අපි යුද බිමෙහි ඔබ තනිකළේ නැත කිසි දිනේ,සුනිල් එදිරිසිංහ,Sunil Edirisinghe,රෝහණ වීරසිංහ,Rohana Weerasinghe,දේශයේ මුර දේවතා එළි රෑ පුරා දැල් වී තිබේ,ආලෝකය,ආරක්ෂාව,දේශය ආරක්ෂා කරන්නට දවසපුරා යුධ වදින හමුදාව
අම්මා සඳකි,Amma Sandaki ,"
මාලිනී ජයරත්න",Malini Jayarathna,අම්මා සඳකි මම ඒ ලොව හිරුය රිදී ඒ ඉර හදෙන් නුඹෙ ලෝකය එළිය වුනි රැකුමට පුතුන් දිවියේ දුක් ගැහැට විදී පිය සෙනෙහසට කව් ගී ලියැවුනා මදී සිරුරේ දුවන්නේ මගෙ ලේ නොවැ පුතුනේ කුසයේ නොදැරුවත් දිවි බර මට රැදුනේ මහ මෙරකට උසයි දරු පෙම හදපතුලේ පුදුමයි පුතුනි කිම මගෙ ලේ කිරි නොවුනේ මවකට මුවාවී නුඹවෙත දිවි දුන්නේ මම වෙමි පුතුනි එය මා පමණයි දන්නේ පියසෙනෙහස නැතිද දරුවනි හදුනන්නේ අම්මාවරුන් පමණද මතු බුදු වන්නේ ,ටී.එම්.ජයරත්න,T.M.Jayarathna,රෝහණ වීරසිංහ,Rohana Weerasinghe,අම්මා සඳකි,සඳ,අම්මා,අම්මා සඳක් මෙන් අපේ ජීවිත අලෝකමත් කරයි
පි‍න්න පිපුනු,Pinna Pipunu,කුලරත්න ආරියවංශ,Kularathna Ariyawansa,පි‍න්න පිපුනු ලන්ද දිගේ ඉරට මුකුළු පාන මල්කැලේ අපි රංචු ගැහී යමු වගේ පුංචි සන්දියේ  බැද්ද පුරා දං වාරේ රංචු ගැහුනු දඟ කාලේ ඉස්කෝලෙන් කට්ටි පැන්න දා දම් පාට උනා වේවැල් පාරේ  කන්ද කපා හෙලූ වෙලේ බැද්ද ගියා පිට පාරේ යාළු මිතුරු කතා ගොළුවෙලා දැන් පාළු වෙලා ඒ ගම්මානේ,ටී.එම්.ජයරත්න,T.M.Jayarathna,රෝහණ වීරසිංහ,Rohana Weerasinghe,පි‍න්න පිපුනු ලන්ද දිගේ ඉරට මුකුළු පාන මල්කැලේ ,ඉර හා මල්,උදෑසන,ඉර උදාවත් සමග පිපෙන ලස්සන මල් උදෑසන මල් සහ වැටෙන පිනි බින්දු
හිරුට හොරෙන්,Hiruta Horen,කුලරත්න ආරියවංශ,Kularathna Ariyawansa,හිරුට හොරෙන් සඳුට හොරෙන් තරු මල් උයනේ ලොවට හොරෙන් සැදූ ලොවයි අපේ ආදරේ ඔබේ නුවන් තරු එළියෙන් ඒ ලෝකයේ සිරි නරඹන්නම් තවත් කුමටදෝ එළියක් මගේ ලෝකයේ ඔබේ වදන් අම සරයෙන් ඒ ලෝකයේ නද රැව් දේ නම් තවත් කුමටදෝ මිහිරක් අපේ ලෝකයේ,ටී.එම්.ජයරත්න,T.M.Jayarathna,රෝහණ වීරසිංහ,Rohana Weerasinghe,ඔබේ වදන් අම සරයෙන්,අම සරය,ඔබේ වදන්,ඇයගේ කටහඬ අම සරය මෙන් මිහිරිය
"නාමල් පිපිලා
මේ වැව් ඉවුරේ",Namal Pipila ,කුලරත්න ආරියවංශ,Kularathna Ariyawansa,නාමල් පිපිලා මේ වැව් ඉවුරේ නා තුරු සෙවනැල්ලේ මල් පාවඩ සැදිලා බලා හිඳින්නේ ඔබේ දෙපා පොඩි සිප ගන්නයි පාළු සැඳෑවේ මේ වැව් ඉවුරේ මගේ දෙනෙත් මග බලා සිටින්නේ පාළු සැඳෑවේ මේ වැව් ඉවුරේ මගේ දෙනෙත් මග බලා සිටින්නේ පුරා හඳක්සේ වනලිය අතරින් ඔබේ සිනාවත පිපෙන තුරා  නීල තලාවේ මේ ගඟුලැල්ලේ රිදී කඳන් සැලි සැලී රඟන්නේ නීල තලාවේ මේ ගඟුලැල්ලේ රිදී කඳන් සැලි සැලී රඟන්නේ නදී සඳැල්ලේ රන්කම් විලසින් ඔබේ දෙපා යුග නැගෙන තුරා ,ටී.එම්.ජයරත්න,T.M.Jayarathna,රෝහණ වීරසිංහ,Rohana Weerasinghe,පුරා හඳක්සේ වනලිය අතරින් ඔබේ සිනාවත පිපෙන තුරා,සඳ,ඔබේ හිනාව,ඔබේ හිනාව පුරා සඳක් සේ අලෝකමත්ය සුන්දරය
සොදුරු අතීතයේ,Sonduru Athethaye,"
මාලිනී ජයරත්න",Malini Jayarathna,සොදුරු අතීතයේ නිමල පෑතුම වී මගේ හද තුල ඔබ ඉන්න ඈතී... ඒ හින්දා යලි සෙනෙහෙ සිතින් අපි ආදරයෙන් හමු වෙන්න ඈතී...  කදුලු සුසුම් මෑද සතුටු සිනා මෑද භවය පුරා ලග ඉන්න ඈතී... එදත් මගේ සිත අද මෙන් කෑපවී ඔබේ නමට පුද දෙන්න ඈතී.....  නොසෑලී නොතෑවී බාධක හමුවේ ආ හින්දා ජය ගන්න ඈතී.... ආත්ම ගනනේ පුරුදු ලෙසින් අපි මේ අයුරින් හමු වෙන්න ඈතී.....,ටී.එම්.ජයරත්න,T.M.Jayarathna,රෝහණ වීරසිංහ,Rohana Weerasinghe,සොදුරු අතීතයේ නිමල පෑතුම වී මගේ හද තුල ඔබ ඉන්න ඈතී,පෑතුම,ඔබ,දිවි ඇතිතුරා මාගේ එකම පැතුම ඔබයි
සිතින් මා නොසැලී,Sithin Maa Nosali,ප්‍රේම කීර්ති ද අල්විස්,Prema Keerthi de Alwis,සිතින් මා නොසැලී සිටිද්දී කඳුල නුඹ ‍ඇවිදින්... නිවා දැමුවේ නෙතේ පීඩා නොබිදිනූ මැනවී  තනිව මා හඩනා වෙලාවේ සැලි සැලී සිහිනේ.. වැටුනු මහ වරුසා මතක්වී නුඹ රැදී දෑසේ..  සිතින් මා නොසැලී...  තවම මා නොදුටූ සිනා කැන් හමුනොවූ යාමේ කදුල මට කරුණා කරන්නැයි අයැදිමී නිබදේ...  සිතින් මා නොසැලී...,ටී.එම්.ජයරත්න,T.M.Jayarathna,"
ස්ටැන්ලි පීරිස්",Stanley Peiris,වැටුනු මහ වරුසා මතක්වී නුඹ රැදී දෑසේ,වැස්ස,කඳුල,මහ වරුසාවක් මෙන් කඳුලු ගලනවා
පියුම් නීල විල උපන් ලියේ,Piyum Neela Vila Upan Liye,අජන්තා රණසිංහ,Ajantha Ranasingha,පියුම් නීල විල උපන් ලියේ.... අහංකාර ඔබෙ යොවුන් වියේ නෙතු කැලුම් වැදී මගෙ හිත දුකින් රිදේ.. සිඳංගනා මුදු වදන් මලින් මට පවන් සලන් කුමරී.. වසන්ත කතාව කියන්න කෝමල සිනා පොදින්..පියුම් නීල විල උපන් ලියේ.. අහංකාර ඔබෙ යොවුන් වියේ නෙතු කැලුම් වැදී මගෙ හිත දුකින් රිදේ.. සිඳංගනා මුදු වදන් මලින් මට පවන් සලන් කුමරී.. වසන්ත කතාව කියන්න කෝමල සිනා පොදින්..,ටී.එම්.ජයරත්න,T.M.Jayarathna,ක්ලැරන්ස් විජේවර්ධන,Clarence Wijewardena,නෙතු කැලුම් වැදී,මල්,ඇස්,ඇගේ ඇස් මල් කැකුලක් වැනිය
දෙගොඩ තලා ගඟ ගලා,Degoda Thala Ganga Gala,කුලරත්න ආරියවංශ,Kularathna Ariyawansa,දෙගොඩ තලා ගඟ ගලා මෙගොඩ ගොඩේ ඈ හිඳී තොටුපලේ ගං ඉවුරේ මා තනිවම මද අඳුරේ//  මේ ගඟ ගලා ගියේ අපි පුංචි ළමුන් දවසේ ඇගෙ දෙපා පවා ආදරෙන් දොවා ආදර ඒ ගඟ නෑ අද නෑ  දෙගොඩ තලා ගඟ ගලා...  මේ ඔරු කඳේ නැගී බොර පාට දියේ තනිවී මා මෙහා ඉමේ ඈ එහා ඉමේ බාධක මේ ගඟ තාම ගලයි  දෙගොඩ තලා ගඟ ගලා මෙගොඩ ගොඩේ ඈ හිඳී තොටුපලේ ගං ඉවුරේ මා තනිවම මද අඳුරේ//  මා තනිවම මද අඳුරේ///,ටී.එම්.ජයරත්න,T.M.Jayarathna,රෝහණ වීරසිංහ,Rohana Weerasinghe,දෙගොඩ තලා ගඟ ගලා,දෙගොඩ තලා ,ගඟ,ඉතාමත් වේගයෙන් ගං ඉවුරු බිඳගෙන ගඟ ගලා යයි
සියක් ආයු ලැබ,Siyak Ayu Leba,"
රඹුක්කන සිද්ධාර්ථ හිමි",Ven Rambukkana Siddhartha,"සියක් ආයු ලැබ - මගෙත් ආයු ගෙන මටත් වඩා කල් - ඔබ ජීවත් වේවා මෙතේ බුදුන් කල - ලොවේ උතුම් ලඳ විශාකාව වේවා
මහා පොළොවසේ - නිහඬ නිසන්සල ඔබේ දයාබර - හදින් ගලා එන ආදර ගීතය - ළොව සනහාලන බුදුබණ පදයක් වේවා
සියක් ආයු ලැබ - මගෙත් ආයු ගෙන මටත් වඩා කල් - ඔබ ජීවත් වේවා මෙතේ බුදුන් කල - ලොවේ උතුම් ලඳ විශාකාව වේවා
ගතේ රුහිරු ලේ - කිරි පෙව් සෙනෙහස සුවඳ ගලාගිය - ඔබෙ මවු හදවත නිවන් පුරට යන - මං පෙත හෙලිකල පහන් ටැඹක් වේවා",ටී.එම්.ජයරත්න,T.M.Jayarathna,එච් එම් ජයවර්ධන,H M Jayawardena,ආදර ගීතය - ළොව සනහාලන,ගීතය,ආදර,ආදරය ගීතයක් මෙන් මිහිරිව සිත් සනසාලයි 
අකුරු සතර කරන පුතුට,Akuru Sathara Karana Puthuta,සුනිල් ආරියරත්න,Sunil Ariyarathne,අකුරු සතර කරන පුතුට සඳ දෙවියෝ රැස් හෙළූහ.\n රෑ තනියට ලඟ ඉන්නට සිය තරු දරුවන් එවූහ.\n හිරු දෙවියෝ සුළඟ වෙසින් ආසිරි චාමර සැළූහ.\n අකුරු සතර දත් පුතු ලඟ ගණ දෙවියෝ මල් පිදූහ.\n මගෙ දියණිය මලකි බඹරු එ මල වටා ගී ගැයූහ.\n රොන් ගන්නට බැරිවූ තැන මගෙ මල ගැන පද හැදූහ.\n වම් පියයුර ගඩා ගසා බඹර නුවර ගිනි ලැවූහ.\n පත්තිනි දෙවියෝ ඇවිදින් දුවගෙ නමට මල් පිදූහ.\n සතුරු සෙනග දුටු මනතින් බියසුල්ලෝ පැන දිවූහ.\n බාරහාර වී තැන තැන රහසේ කටමැත දෙඩූහ.\n විරු දරුවෝ ගෙන අසිපත් රුපු සේනා පොලු ගැසූහ.\n කඳ දෙවියෝ රණබිම් වැද බල සෙනඟට මල් පිදූහ,නන්දාමාලිනි,Nanda Malini,ෂෙල්ටන් ප්‍රේමරත්න,Shelton Premarathne,මගෙ දියණිය මලකි,මල,මගේ දියණිය,සොඳුරු රුවැති මගේ දියණිය
ආරාධනා,Aradhana,කුලරත්න අරියවංස,Kularathne Ariyawansha,"ආරාධනා 
ආරාධනා

ජීවිතයේ තනි මංසල අතරමං වෙලා
හුදෙකලාව සුසුම් හෙළන හදවත සනහා
අතීතයේ ගිලිහී ගිය සතුට
රැගෙන යළි වඩින්න

ආරාධනා
ආරාධනා

නෙළු සුපෙම් කැටයම් හද පවුරුතලාවේ
මැකී ගියාදෝ- කාලයේ වෙරළේ
ජීවිතයේ දිගු ගමනේ අනාථ වූ දා
සෙනේහයේ සත් පියුමන් යළිඳු පිපේවා

ආරාධනා 
ආරාධනා

එදා සිඟිති කිරි සුවඳින් යුගදිවි අරණේ
ඔබේ උණුසුමේ යළිදු උපන්නෙම්
බිඳුණු එවන් රජ දහනින් සමුගෙන යනදා 
ඔබේ නුවන් පහනින් යළි එළිය ලැබේවා
 
ආරාධනා
ආරාධනා",අමරදේව ඩබ්ලිව් ඩී,Amaradewa W.D.,රෝහණ වීරසිංහ,Rohana Weerasinghe,නුවන් පහනින්,පහන,ඇස්,ආලෝකමත් ඇස් දෙක
දොර කවුළු,Dora Kawlu,සුනිල් ආරියරත්න,Sunil Ariyarathne,දොර කවුළු විවර කරන අරුණ උදයේ...\n සීතල සුලඟ ඔබේ සුවඳ රැගෙන හමාවා...\n නිදියහන දෙනෙත නිසළ කරන මොහොතේ...\n රෑ ඝන අඳුර ඔබේ සිහින මසිත සදාවා...\n හද පෑරී රුදුම් දිදී තෙමා වැටෙන විට සළුපිළි...\n විෂ හීසර පහර වැදී දවා නැගෙන විට සෝගිනි...\n සීත ගගුළක් වී මා දොවමින් ගලාවා...\n බියකරු දිවි සටන් බිමේ පිළිරැව් දෙනවිට රණගොස...\n තනිවී දිවි සොහොන් බිමේ මළපොත ගෙන පෙරළන විට...\n මාල ගිරවෙකු වී මා නිවමින් ගයාවා...,නන්දාමාලිනි,Nanda Malini,සරත් දසනායක,Sarath Dasanayake,දිවි සොහොන් බිමේ,සොහොන් බිම,ජීවිතය,පාලුවට ගිය ජීවිතය
ඔබයි රම්‍ය සඳ කිරණ,Obai Ramya Sada Kiranna,සුනිල් ආරියරත්න,Sunil Ariyarathne,ඔබයි රම්ය සඳ කිරණ ඝණ අන්ධකාරේ\n ඔබයි සෞම්ය තරැ එළිය ගිම්හාන කාලේ\n ඔබයි රම්ය සඳ කිරණ ඝණ අන්ධකාරේ\n ඔබයි සෞම්ය තරැ එළිය ගිම්හාන කාලේ\n සදානන්ද කරවු ඔබේ මධුර රාවෙන්\n පිපී ආමි අරවින්දයක් සේ තඩාගේ\n ප්රේමය නම් කිමැයි ඔබ මට කියා දුන්නෙහිය\n දැන් මගේ පරමාර්ථය ඔබය\n මගේ පරමාදර්ශය ඔබය\n මගේ ඒකායන ප්රාර්ථනයද ඔබය\n ඔබයි රම්ය සඳ කිරණ ඝණ අන්ධකාරේ\n ඔබයි සෞම්ය තරැ එළිය ගිම්හාන කාලේ\n උදාවු සුපෙම් දම් නුසුන් වී රැඳේවා\n මගේ පුංචි ලොකේ තැවුල් දුක් නොවේවා\n ප්රේමයේ ද්වාරය ඔබ මට විවර කලෙහිය\n දැන් මගේ අතීතය ඔබය\n මගේ වර්තමානය ඔබය\n උත්තරීතර අනාගතයද ඔබය\n ඔබයි රම්ය සඳ කිරණ ඝණ අන්ධකාරේ\n ඔබයි සෞම්ය තරැ එළිය ගිම්හාන කාලේ\n ඔබයි රම්ය සඳ කිරණ ඝණ අන්ධකාරේ\n ඔබයි සෞම්ය තරැ එළිය ගිම්හාන කාලේ,නන්දාමාලිනි,Nanda Malini,එච් එම් ජයවර්ධන,M. M. Jayawardhena,ඔබයි රම්‍ය සඳ කිරණ; ඔබයි සෞම්ය තරැ එළිය,සඳ කිරණ; තරැ එළිය,ඔබ; ඔබ,ඔබ මගේ ජීවිතය ආලෝකමත් කරයි; ඔබ තරු එලිය වගේ මට සෞම්‍යයි
අද පමණක් නොවේ අපට,Ada Pamanak Nowe Apata,කරුණාරත්න අබේසේකර,Karunarathne Abeysekara,අද පමණක් නොවේ අපට හෙටක් තියනවා...\n අරුණළු කැන් හිනැහී නව දිනක් ලබනවා...\n අඳුරෙන් බර ආකර තුළ මැණික් දිලෙනවා...\n දෙස බස රැස අපේ අතින් එළිය වැටෙනවා...\n දෙස බස රැස අපේ අතින් එළිය වැටෙනවා...\n උදාසීන ජාතිය නිදි කිරා වැටෙන්නේ...\n උදාරතර හැඟුම් පැතුම් නැත ලියලන්නේ...\n උදාගිරෙන් උදාවෙමින් හිරු එනවාසේ...\n නවෝදයක් බිහි කරලමු අපි ඉතිහාසේ...\n අද පමණක් නොවේ අපට හෙටක් තියනවා...\n අරුණළු කැන් හිනැහී නව දිනක් ලබනවා...\n අඳුරෙන් බර ආකර තුළ මැණික් දිලෙනවා...\n දෙස බස රැස අපේ අතින් එළිය වැටෙනවා...\n දෙස බස රැස අපේ අතින් එළිය වැටෙනවා...\n ආ .....ආ ....ආ ......\n ආ ....ආ .............\n මුනි සිරිපා පියුම් පිපුණ මේ මහ දෙරණයි...\n දිගන්තයේ ජය දද නැගු හෙළ දෑ වරුණයි...\n එම බැතියෙන් අභිමානෙන් මුළු ලොව සුවඳයි...\n මෙම නිදහන් දිවි හිමියෙන් අපහට උරුමයි...\n අද පමණක් නොවේ අපට හෙටක් තියනවා...\n අරුණළු කැන් හිනැහී නව දිනක් ලබනවා...\n අඳුරෙන් බර ආකර තුළ මැණික් දිලෙනවා...\n දෙස බස රැස අපේ අතින් එළිය වැටෙනවා...\n දෙස බස රැස අපේ අතින් එළිය වැටෙනවා...,නන්දාමාලිනි,Nanda Malini,ප්‍රේමසිරි කේමදාස,Premadasa Kemadasa,මුනි සිරිපා පියුම්,පියුම්,මුනි සිරිපා,බුදුරජාණන් වහන්සේගේ පාද පියුමක් සේ පිරිසිදුයි සිනිදුයි
සූර්යයා වී,Surya Wee,සුනිල් ආරියරත්න,Sunil Ariyarathne,සූර්යයා වී ඉන්ද්‍ර දිගින් ඔබ පායනවා...\n තාරපතී මා අවරගිරින් සැඟවී යනවා...\n මහබඹු නළලත කෙටුවේ ඔබ රුව...\n කිසි කල කිසි දින මට නොලැබෙන්නද...\n ලෝකය දෙකොනේ දෙතැනක තනිවී\n ලොවට හොරෙන් ඉකිබිඳ වැළපෙන්නද...\n උක්දඬු දුන්නේ මල්හීසර නොව...\n විෂ ලූ හීසර අප හද පාරයි...\n අප හමුනොවනා බව පැහැදිළි මුත්\n බලාපොරොත්තුව හදගැබ මෝරයි...,නන්දාමාලිනි,Nanda Malini,රෝහණ වීරසිංහ,Rohana Weerasinghe,තාරපතී මා,තාරපතී,මා,මම සැමවිටම ඔබගෙන් දුරස්ව සිටියි
ලේ කඳුලින්,Le Kadulin,සුනිල් ආරියරත්න,Sunil Ariyarathne,ලේ කඳුලින් දෙපා දොවා\n මුර ගෑ යාදිනි නෑසූ සවනින්\n නොයන් සුපෙම්වත අතැර දමා මා මරු කතරේ...\n හද මල් ගොමුවේ ප්‍රථම මලයි ඔබ නෙළුවේ...\n එමලේ පිවිතුරු සුවඳ පොදයි ඔබ ලැබුවේ...\n ආදර කඳුළට නිගා කරන්නට\n සැහැසි වුණේ කිම කියන් සුපෙම්වත...\n යෞවනයේ කඳු සිරස මතයි මා  සිටියේ...\n එහි මා කැඳවූ දිනෙක ඔබයි මා නැසුවේ...\n කවට කමින් ආළය ගරහන්නට...\n සැහැසි වුණේ කිම කියන් සුපෙම්වත...,නන්දාමාලිනි,Nanda Malini,එච්. එම්. ජයවර්ධන,M.M. Jayawardene,හද මල් ගොමුවේ,මල් ගොමුවේ,හද,සුන්දර හදවත
නවාතැන්පොළ ඔබයි,Nawathanpola Obai,සුනිල් ආරියරත්න,Sunil Ariyarathne,නවාතැන්පොළ ඔබයි\n ඔබගේ සිනාවයි\n ජීවිතේ දිගු වන්දනා ගමනේ\n ජීවිතේ දිගු වන්දනා ගමනේ\n ආලයේ වන බිඟුන් බමනා\n ස්නේහයේ ජල තරඟ බිඳෙනා\n නිල්ල දිලෙනා නිම්නයේ\n ගරා ‍නොවැටෙන නවාතැන ඔබ\n නවාතැන්පොළ ඔබයි\n ඔබගේ සිනාවයි\n ජීවිතේ දිගු වන්දනා ගමනේ\n ජීවිතේ දිගු වන්දනා ගමනේ\n දයාවේ සඳ සිසිල ලබනා\n සාමයේ මඳ පවන රඳනා\n හිම මිදෙන මිටියාවතේ\n සදා උණුසුම් නවාතැන ඔබ\n නවාතැන්පොළ ඔබයි\n ඔබගේ සිනාවයි\n ජීවිතේ දිගු වන්දනා ගමනේ\n ජීවිතේ දිගු වන්දනා ගමනේ,නන්දාමාලිනි,Nanda Malini,එච්.එම්. ජයවර්ධන,M. M. Jayawardhena,නවාතැන්පොළ ඔබයි,නවාතැන්පොළ,ඔබ,නිදහස සැනසීම සතුට තියෙන්නෙ ඔබ ලඟ
දුර ඈත තුරු වදුලේ,Dura Atha Thuru Wadule,කැමිලස් පෙරේරා,Kamilas Perera,දුර ඈත තුරු වදුලේ කටු අකුලේ/n පිපි නිදිකුම්බා මල් කැකුළ ඔබයි...\n මඳහස මුව මඬලේ නෙතු සඟලේ\n නිති තනි රකිනා පිනි කඳුළ මමයි...\n මුළු සසර පුරා සිසිලස තවරා\n දිවි ගිමන නිවන මඳ පවන ඔබයි…\n හද විමන අරා සෙනෙහස අතුරා\n එහි නිබඳ රඳන මල් සුවඳ මමයි…\n ඇස කඳුළු සලා හිස ගිනි අවුලා\n හිත නැඟෙන බිඳෙන දුක් සුසුම ඔබයි…\n නිති සිනා සලා දිවි ගෙවන තුරා\n ඔබ සිතන පතන පිළිසරණ මමයි…,නන්දාමාලිනි,Nanda Malini,සරත් දසනායක,Sarath Dasanayake,නිදිකුම්බා මල් කැකුළ ඔබයි; පිනි කඳුළ මමයි,නිදිකුම්බා මල් කැකුළ; පිනි කඳුළ,ඔබ; මම,ගම්බද සුන්දර තරුණියක් ඔබ; නෙත් දෙකේ තනි රකින්නේ කඳුල වගේ ඔබේ තනි රකින්නේ මම
රෑන ගිරා ජෝඩුවයි,Rana Gira Joduwai,ධර්මසිරි ගමගේ,Darmasiri Gamage,රෑන ගිරා ජෝඩුවයි.......\n හාද වෙලා ආදරෙන්..\n රෑන ගිරා ජෝඩුවයි.......\n වනන්තරේ වෙනසක් නෑ..\n පෙම් සිතුවිලි පැදේ....\n පෙම් සිතුවිලි පැදේ....\n ගිය ගිය තැන ආදර රජ මාලිගාව සෑදේ\n රෑන ගිරා ජෝඩුවයී.......\n හාද වෙලා ආදරෙන්....\n රැන ගිරා ජෝඩුවයි.......\n වන රේඛා මැද සීතළ හෙවනේ....\n අත්වැල් බැඳ යන ආදර ගමනේ...\n හුරතල් දැනිලයී... දුක් ගිනි නිවුනේ...\n සිනහ කුසුම් තොල්.. පෙති අග පිපුනේ...\n රෑන ගිරා ජෝඩුවයි.......\n හාද වෙලා ආදරෙන්..\n රෑන ගිරා ජෝඩුවයී.......\n මල් පෙති උඩ පෙම් සෙවනැලි ඇඳිලා...\n දිය රැළි ඒ දැක එබිකම් කරලා...\n කඳු මුදුනේ සිට පහළට පැනලා...\n විහිළු කරයි මේ ජෝඩුව දැකලා...\n රෑන ගිරා ජෝඩුවයි.......\n හාද වෙලා ආදරෙන්..\n රෑන ගිරා ජෝඩුවයී.......\n වනන්තරේ වෙනසක් නෑ...\n පෙම් සිතුවිලි පෑදේ....\n පෙම් සිතුවිලි පෑදේ...\n හිත ගිය තැන ආදර රජ මාලිගාව සැදේ\n රෑන ගිරා ජෝඩුවයි.......\n හාද වෙලා ආදරෙන්..\n රෑන ගිරා ජෝඩුවයී.......,නන්දාමාලිනි,Nanda Malini,ප්‍රේමසිරි කේමදාස,Premasiri Kemadasa,කුසුම් තොල්,කුසුම,තොල්,සිනිදු ලස්සන තොල්
මගේ සඳ ඔබ,Mage Sada Oba,සුනිල් ආරියරත්න,Sunil Ariyarathne,මගේ සඳ ඔබ - මගේ සඳ ඔබ\n එදා සඳ නොව - මෙදා සඳ ඔබ\n මගේ සඳ ඔබ මගේ....\n එදා මට ඔබ සරා සඳ විය..\n කවි ඇසින් දුටු සොඳුරු පියකරු..\n අඳුරු හද ගැබ එකලු කරමින්..\n උදාවිය ගිරි ශිඛර සිරසේ...\n මගේ සඳ ඔබ...\n මෙදා මට ඔබ සැබෑ සඳමය..\n විදු ඇසින් දුටු ලොවය විසකුරු..\n ප්‍රාණයෙන් තොර වියලි සඳසේ..\n ඔබද අදමා අසල ගැවසේ...\n මගේ සඳ ඔබ...,නන්දාමාලිනි,Nanda Malini,රෝහණ වීරසිංහ,Rohana Weerasinghe,මගේ සඳ ඔබ,මගේ සඳ,ඔබ,සොඳුරු පියකරු ඔබ හදවත ආලෝකමත් කරයි
දේදුනු පායා,Dedunu Paya,ලෙසිල් රණසිංහ,Lesli Ranasinghe,දේදුනු පායා පාට වැටෙනවා\n ජීවන අහස් තලේ\n ආ.දර පවනේ සුසුම් කුසුම් වැල්\n මා යන මඟට හැරේ\n දේදුනු පායා පාට වැටෙනවා\n ජීවන අහස් තලේ\n ආ.දර පවනේ සුසුම් කුසුම් වැල්\n මා යන මඟට හැරේ\n දෑසට දෑසක් හමුවුනු දවසේ\n නුපුරුදු හැඟුමක් කියවේ රහසේ\n සිතිවිලි දහසක් එක්තැන් වූයේ\n පැතුම් ලොවට මගේ ඇයි ඔබ ආවේ\n මා කැඳවන ගොලු ඉඟියක් දැනුනා\n ආදර විමනේ රන් දොර ඇරුණා\n පොපියන හදකින් ආශා හිතුණා\n පිටුපා යන්නට බැරි බව හැඟුණා\n දේදුනු පායා පාට වැටෙනවා\n ජීවන අහස් තලේ\n ආ.දර පවනේ සුසුම් කුසුම් වැල්\n මා යන මඟට හැරේ\n උල්පත් හැදුනේ සිහිල උනන්නයි\n මල් කෙමි මැවුනේ රොන් වෑහෙන්නයි\n මී වද බැඳුනේ පැණි සුරකින්නයි\n හද මැවුනේ ආදරය කරන්නයි\n මල්බර තුරු අතු සෙවණ සදනවා\n කුරුලු ගීත ආසිරි ගී වෙනවා\n තනිවම ගිය මග ඔබ හා යනවා\n පෙමට ඇරුණු හද ඔබට පුදනවා\n දේදුනු පායා පාට වැටෙනවා\n ජීවන අහස් තලේ\n ආ.දර පවනේ සුසුම් කුසුම් වැල්\n මා යන මඟට හැරේ\n දේදුනු පායා පාට වැටෙනවා\n ජීවන අහස් තලේ\n ආ.දර පවනේ සුසුම් කුසුම් වැල්\n මා යන මඟට හැරේ,නන්දාමාලිනි,Nanda Malini,ප්‍රේමසිරි කේමදාස,Premasiri Kemadasa,ජීවන අහස් තලේ; සුසුම් කුසුම් වැල්,අහස් තලේ; කුසුම් වැල්,ජීවිතය; සුසුම්,ඉමක් කොනක් නොපෙනෙන ජීවිතය; සොඳුරු සුසුම්
සංසාර සාගරේ,Sansara Sagare,සුනිල් ආරියරත්න,Sunil Ariyarathne,"සංසාර සාගරේ ජීවිතේ යාත්‍රාව\n ඔබ සොයා පදවන්නෙමී....\n ඔබ නිසා පදවන්නෙමී....\n සංසාර සාගරේ ජීවිතේ යාත්‍රාව\n ඔබ සොයා පදවන්නෙමී....\n ඔබ නිසා පදවන්නෙමී....\n ප්‍රදීපාගාරයක ආලෝක වළල්ලක් එවාලා\n ඔබ සිටින ගොඩබිමෙහි\n මං ළකුණු දන්වන්න\n නැංගුරම් ලන තැනට, පෙනෙන සේ ඔබ ඉන්න\n සංසාර සාගරේ ජීවිතේ යාත්‍රාව\n ඔබ සොයා පදවන්නෙමී....\n ඔබ නිසා පදවන්නෙමී....\n වෙරළ වෙත සැපත් මා\n දෝත පා පිළිගන්න සිනා සී\n දුර්ඝ වූ ගමන් මග විඩා ගිනි දුරලන්න\n යාත්‍රාව පදවන්න, මා සමග එක් වන්න\n සංසාර සාගරේ ජීවිතේ යාත්‍රාව\n ඔබ සොයා පදවන්නෙමී....\n ඔබ නිසා පදවන්නෙමී....\n සංසාර සාගරේ ජීවිතේ යාත්‍රාව\n ඔබ සොයා පදවන්නෙමී....\n ඔබ නිසා පදවන්නෙමී....",නන්දාමාලිනි,Nanda Malini,සරත් දසනායක,Sarath Dasanayake,සංසාර සාගරේ; ජීවිතේ යාත්‍රාව,සාගරේ; යාත්‍රාව,සංසාර; ජීවිතේ,කෙළවරක් නැති සසර;  සසර පුරා ගමන් කරන ජීවිතය
අකුරු සතර කරන පුතුට,Akuru Sathara Karana Puthuta,සුනිල් ආරියරත්න,Sunil Ariyarathne,අකුරු සතර කරන පුතුට සඳ දෙවියෝ රැස් හෙළූහ.\n රෑ තනියට ලඟ ඉන්නට සිය තරු දරුවන් එවූහ.\n හිරු දෙවියෝ සුළඟ වෙසින් ආසිරි චාමර සැළූහ.\n අකුරු සතර දත් පුතු ලඟ ගණ දෙවියෝ මල් පිදූහ.\n මගෙ දියණිය මලකි බඹරු එ මල වටා ගී ගැයූහ.\n රොන් ගන්නට බැරිවූ තැන මගෙ මල ගැන පද හැදූහ.\n වම් පියයුර ගඩා ගසා බඹර නුවර ගිනි ලැවූහ.\n පත්තිනි දෙවියෝ ඇවිදින් දුවගෙ නමට මල් පිදූහ.\n සතුරු සෙනග දුටු මනතින් බියසුල්ලෝ පැන දිවූහ.\n බාරහාර වී තැන තැන රහසේ කටමැත දෙඩූහ.\n විරු දරුවෝ ගෙන අසිපත් රුපු සේනා පොලු ගැසූහ.\n කඳ දෙවියෝ රණබිම් වැද බල සෙනඟට මල් පිදූහ.,නන්දාමාලිනි,Nanda Malini,ෂෙල්ටන් ප්‍රේමරත්න,Shelton Premarathne,මගෙ දියණිය මලකි,මල,මගේ දියණිය,සොඳුරු රුවැති මගේ දියණිය
වාසනාවන්,Wasanawan,කුලරත්න අරියවංස,Kularathne Ariyawansha,වාසනාවන් වාසනාවන්…\n ඔබේ දිවි මඟ වාසනාවේ සුවහසක් මල් පිපේවා\n ඔබේ ලෝකය පැතුම් කුසුමන් පිපී සුවඳින් පිරේවා\n වාසනාවන් වාසනාවන්..\n අහිමි වේ නම් ඔබේ ලෝකය\n දුරස් වී මා හිඳින්නම්\n සිතින් සිපගෙන ඔබේ පා යුග\n සදා සැනසී හිඳින්නම්..\n ඔබෙන් හඳුනාගත් මිනිස්කම\n තුළින් මා ලොව දකින්නම්\n ඔබේ සෙනෙහස වුවද මා ලද\n වාසනාවකි සිතන්නම්..,නන්දාමාලිනි,Nanda Malini,රෝහණ වීරසිංහ,Rohana Weerasinghe,පැතුම් කුසුමන්,කුසුමන්,පැතුම්,සුන්දර ප්‍රාර්ථනාවන්
ලේ කඳුලින්,Le kandulin,සුනිල් ආරියරත්න,Sunil Ariyarathne,ලේ කඳුලින් දෙපා දොවා\n මුර ගෑ යාදිනි නෑසූ සවනින්\n නොයන් සුපෙම්වත අතැර දමා මා මරු කතරේ...\n හද මල් ගොමුවේ ප්‍රථම මලයි ඔබ නෙළුවේ...\n එමලේ පිවිතුරු සුවඳ පොදයි ඔබ ලැබුවේ...\n ආදර කඳුළට නිගා කරන්නට\n සැහැසි වුණේ කිම කියන් සුපෙම්වත...\n යෞවනයේ කඳු සිරස මතයි මා  සිටියේ...\n එහි මා කැඳවූ දිනෙක ඔබයි මා නැසුවේ...\n කවට කමින් ආළය ගරහන්නට...\n සැහැසි වුණේ කිම කියන් සුපෙම්වත...,නන්දාමාලිනි,Nanda Malini,එච්. එම්. ජයවර්ධන,M. M. Jayawardhena,හද මල් ගොමුවේ,මල් ගොමුවේ,හද,සුන්දර හදවත
මගේ සඳ ඔබ,Mage Sada Oba,සුනිල් ආරියරත්න,Sunil Ariyarathne,මගේ සඳ ඔබ - මගේ සඳ ඔබ\n එදා සඳ නොව - මෙදා සඳ ඔබ\n මගේ සඳ ඔබ මගේ....\n එදා මට ඔබ සරා සඳ විය..\n කවි ඇසින් දුටු සොඳුරු පියකරු..\n අඳුරු හද ගැබ එකලු කරමින්..\n උදාවිය ගිරි ශිඛර සිරසේ...\n මගේ සඳ ඔබ...\n මෙදා මට ඔබ සැබෑ සඳමය..\n විදු ඇසින් දුටු ලොවය විසකුරු..\n ප්‍රාණයෙන් තොර වියලි සඳසේ..\n ඔබද අදමා අසල ගැවසේ...\n මගේ සඳ ඔබ..,නන්දාමාලිනි,Nanda Malini,රෝහණ වීරසිංහ,Rohana Weerasinghe,මගේ සඳ ඔබ,මගේ සඳ,ඔබ,සොඳුරු පියකරු ඔබ හදවත ආලෝකමත් කරයි
දුර ඈත තුරු වදුලේ,Dura Atha Thuru Wadule,කැමිලස් පෙරේරා,Kamilas Perera,දුර ඈත තුරු වදුලේ කටු අකුලේ/n පිපි නිදිකුම්බා මල් කැකුළ ඔබයි...\n මඳහස මුව මඬලේ නෙතු සඟලේ\n නිති තනි රකිනා පිනි කඳුළ මමයි...\n මුළු සසර පුරා සිසිලස තවරා\n දිවි ගිමන නිවන මඳ පවන ඔබයි…\n හද විමන අරා සෙනෙහස අතුරා\n එහි නිබඳ රඳන මල් සුවඳ මමයි…\n ඇස කඳුළු සලා හිස ගිනි අවුලා\n හිත නැඟෙන බිඳෙන දුක් සුසුම ඔබයි…\n නිති සිනා සලා දිවි ගෙවන තුරා\n ඔබ සිතන පතන පිළිසරණ මමයි…,නන්දාමාලිනි,Nanda Malini,සරත් දසනායක,Sarath Dasanayake,නිදිකුම්බා මල් කැකුළ ඔබයි; මඳ පවන ඔබයි; දුක් සුසුම ඔබයි,මඳ පවන; දුක් සුසුම; විමන,ඔබ; ඔබ; ඔබ,ගම්බද සුන්දර තරුණියක් ඔබ;  ඔබ මාව සන්සුන් කරයි; මාව නොසන්සුන් කරන්න අඩවන්න පුළුවන් ඔබට
සංසාර සාගරේ,Sansara Sagare,සුනිල් ආරියරත්න,Sunil Ariyarathne,"සංසාර සාගරේ ජීවිතේ යාත්‍රාව\n ඔබ සොයා පදවන්නෙමී....\n ඔබ නිසා පදවන්නෙමී....\n සංසාර සාගරේ ජීවිතේ යාත්‍රාව\n ඔබ සොයා පදවන්නෙමී....\n ඔබ නිසා පදවන්නෙමී....\n ප්‍රදීපාගාරයක ආලෝක වළල්ලක් එවාලා\n ඔබ සිටින ගොඩබිමෙහි\n මං ළකුණු දන්වන්න\n නැංගුරම් ලන තැනට, පෙනෙන සේ ඔබ ඉන්න\n සංසාර සාගරේ ජීවිතේ යාත්‍රාව\n ඔබ සොයා පදවන්නෙමී....\n ඔබ නිසා පදවන්නෙමී....\n වෙරළ වෙත සැපත් මා\n දෝත පා පිළිගන්න සිනා සී\n දුර්ඝ වූ ගමන් මග විඩා ගිනි දුරලන්න\n යාත්‍රාව පදවන්න, මා සමග එක් වන්න\n සංසාර සාගරේ ජීවිතේ යාත්‍රාව\n ඔබ සොයා පදවන්නෙමී....\n ඔබ නිසා පදවන්නෙමී....\n සංසාර සාගරේ ජීවිතේ යාත්‍රාව\n ඔබ සොයා පදවන්නෙමී....\n ඔබ නිසා පදවන්නෙමී....",නන්දාමාලිනි,Nanda Malini,සරත් දසනායක,Sarath Dasanayake,ජීවිතේ යාත්‍රාව; සංසාර සාගරේ,යාත්‍රාව; සාගරේ,ජීවිතේ; සංසාර,සසර පුරා ගමන් කරන ජීවිතය; කෙළවරක් නැති සසර
වාසනාවන්,Wasanawan,කුලරත්න අරියවංස,Kularathne Ariyawansha,වාසනාවන් වාසනාවන්…\n ඔබේ දිවි මඟ වාසනාවේ සුවහසක් මල් පිපේවා\n ඔබේ ලෝකය පැතුම් කුසුමන් පිපී සුවඳින් පිරේවා\n වාසනාවන් වාසනාවන්..\n අහිමි වේ නම් ඔබේ ලෝකය\n දුරස් වී මා හිඳින්නම්\n සිතින් සිපගෙන ඔබේ පා යුග\n සදා සැනසී හිඳින්නම්..\n ඔබෙන් හඳුනාගත් මිනිස්කම\n තුළින් මා ලොව දකින්නම්\n ඔබේ සෙනෙහස වුවද මා ලද\n වාසනාවකි සිතන්නම්..,නන්දාමාලිනි,Nanda Malini,රෝහණ වීරසිංහ,Rohana Weerasinghe,පැතුම් කුසුමන්,කුසුමන්,පැතුම්,සුන්දර ප්‍රාර්ථනාවන්
අයන්න කියන්න ලොවටම ඇහෙන්න,Ayanna Kiyanna Lowatama Ahenna,සුනිල් ආරියරත්න,Sunil Ariyarathne,අයන්න කියන්න ලොවටම ඇහෙන්න\n එන්න මගේ මල්ලී\n දුවන්න පනින්න නටන්න ගයන්න\n එන්න මගේ නංගී //\n පාසල නම් රන් දෙවොලේ\n දෙවියන් වන් ගුරු කැළගේ\n සිත දිනමින් පා සෙවණේ\n ශිල්ප ලබා මතු දවසේ\n ලෝකය දකින්න\n එහි සැරිසරන්න\n එන්න මගේ මල්ලී\n එන්න මගේ නංගී\n අයන්න කියන්න ලොවටම ඇහෙන්න\n එන්න මගේ මල්ලී\n දුවන්න පනින්න නටන්න ගයන්න\n එන්න මගේ නංගී\n කාසි පනම් හිටි හැටියේ\n සතුරෝ ගෙන යති රහසේ\n පොතින් පතින් ලද දැණුමේ\n ධනය සදාකල් සුරැකේ\n ඥානය වඩන්න\n කාලය ගෙවන්න\n එන්න මගේ මල්ලී\n එන්න මගේ නංගී\n අයන්න කියන්න ලොවටම ඇහෙන්න\n එන්න මගේ මල්ලී\n දුවන්න පනින්න නටන්න ගයන්න\n එන්න මගේ නංගී\n එන්න මගේ මල්ලී\n එන්න මගේ නංගී ///,නන්දාමාලිනි,Nanda Malini,මර්වින් පෙරේරා,Mervin Perera,පාසල නම් රන් දෙවොලේ,රන් දෙවොලේ,පාසල,වටිනා පුජනීය ස්ථානයක් වූ පාසැල
ආ මඟ වැරදී යන මං නොපෙනෙයි,Aa Maga Waradi Yana Man Nopenei,Unkown,Unkown,"ආ මඟ වැරදී යන මං නොපෙනෙයි
තනිවී දෙවිඳුන් නැති දෙවොලේ
කවුරු යදින්න ද කවුරු පතන්න ද
හිරු සඳු වත් නැති මිහිමඬලේ...

සඳගල තැන්නේ පාමුල සීතල වතුරේ
නුඹෙ සෙවනැලි පාවෙයි
නිල් දිය රැළි අතරේ
දං පඳුරේ මංකඩ ළඟ ගොම්මන් අඳුරේ
දියබුං හඬ නෑ දැන් එය සිහිනෙකි මිහිරේ...

හඬා දොඩා කීවත් කවුරුද ඇසුවේ
ප්‍රාර්ථනා ගඟ උතුරා කඳුළැලි ගැලුවේ
මන්දාරම් අහස වැසූ මිහිදුම් සළුවේ
කිම්ද සොඳුරු ජීවන මඟ හිරිකඩ හෙලුවේ...

සඳගල තැන්නේ පාමුල සීතල වතුරේ
නුඹෙ සෙවනැලි පාවෙයි
නිල් දිය රැළි අතරේ
දං පඳුරේ මංකඩ ළඟ ගොම්මන් අඳුරේ
දියබුං හඬ නෑ දැන් එය සිහිනෙකි මිහිරේ...",අමරසිරි පීරිස්,Amarasiri Peries,Unkown,Unkown,ප්‍රාර්ථනා ගඟ උතුරා කඳුළැලි ගැලුවේ,ගඟ,ප්‍රාර්ථනා,ප්‍රාර්ථනා ගංගාවක් මෙන් දෝරෙ ගලයි
අත්වැල ගිලිහී ලොව තනි වුදා,Ath wal gilihee lowa thani wuu daa,ජයතිස්ස බොරළුගොඩ,Jayathissa Boralugoda,"අත්වැල ගිලිහී ලොව තනි වුදා
දකිනා පෙරමඟ ලකුණු නැති
ආශා දැහැනින් වැනසී යාදෝ
යුගදිවි ගමනේ සොඳුරු ගති ...//

උසුලනු හැකිවෙද
තණ්හා ආශා
සඟවනු හැකිවෙද
සිතුවිලි මාලා
ඉවසනු හැකිවෙද
සෝ දුක් සංකා
ආශා දැහැනින් වැනසී යාදෝ
යුගදිවි ගමනේ සොඳුරු ගති

දෑඟිලි එක්කල
වරපට දෙදරා
සෙනෙහස වැපුරූ
සරු කෙත වනසා
පුහුදුන් හදවත
සෝගිනි දල්වා
ආශා දැහැනින් වැනසී යාදෝ
යුගදිවි ගමනේ සොඳුරු ගති",අමරසිරි පීරිස්,Amarasiri Peries,කළණි පෙරේරා,Kalani Perera,සෙනෙහස වැපුරූ සරු කෙත වනසා පුහුදුන් හදවත සෝගිනි දල්වා,සෙනෙහස වැපුරූ සරු කෙත,පුහුදුන් හදවත,වැපිරූ කුඹුරක පිහිදුන් බව විනාස කරන්නාක් මෙන් හදවත සෝ ගින්නෙන් දවා දමයි
සොඳුරිය කාලය කොතරම් නපුරුද,Sonduriya Kalaya Kotharam Napuruda,සමන්ත හේරත්,Samantha Herath,"සොඳුරිය කාලය කොතරම් නපුරුද

දිවි හිමියෙන් කඳුළැලි පුරවාගෙන
රැකගත් ආලය උදුරා ගෙන ගිය
කාලය කොතරම් නපුරුද සොඳුරිය...

පෙරුම් පුරා දුක සේ ගළපා ගත්
කවිය ඔබම වී නැළැවුණු යුගයක
හද ඇඳි ඔබ රුව සිහිනෙකවත් නැත
ඒ රුව කෙතරම් මිහිරිද සොඳුරිය...

ලොවට හොරා විළි ලා බිහිකර ගත්
වසන්තයේ සඳ මියැදුණු දවසක
බෙදා හදාගත් දුක වත් අද නැත
ඒ දුක කොතරම් මිහිරිද සොඳුරිය...",අමරසිරි පීරිස්,Amarasiri Peries,ප්‍රේමසිරි කේමදාස,Premasiri Kemadasa,කවිය ඔබම වී,කවිය,ඔබ,ඔබ කවියක් මෙන් සුන්දරයි ලස්සනයි
හිම දිය වී හිමාලයේ,Hima Diya Wee Himalayee,ධම්මික බණ්ඩාර,Dhammika Bandara,"ක්‍රි : හිම දිය වී හිමාලයේ ...
යමුනා ගඟ නඟයි තරංගා ...
සුදු පෙණ කැටි බලන්න රාධා ...


රා :
සුළඟ හමයි සීතල සාදා ....
සීතල ගිනි ගනීද ක්‍රිෂ්ණා ....
ක්‍රි :
සිනා රැලි නඟා උතුරන ...
ඔය හදවත් නීල ජලාශේ ...
පීනන මේ ස්වර්ණ හංසයෝ ....
අකීකරු ද මෙතරම් රාධා ...
රා :
ඉඩ දී දෙන්නට දඬුවම් ....
දෑස පියා ගන්නම් ක්‍රිෂ්ණා ....
ක්‍රි :
මල් පෙති පොඩි වී ඉකිලන ...
මේ හෝපලු යහන් තලාවේ ...
සඳ දිය මිණි මෙවුලට වැටිලා ....
දෑස නිලංකාරයි රාධා ...
රා :
ගිලිහී ගිය දෙන් මිණි කැට ...
දෑස වසා ඉන්නම් ක්‍රිෂ්ණා ...",අමරසිරි පීරිස්,Amarasiri Peries,ඩැනිස්ටර් පෙරේරා,Danister Perera,ඔය හදවත් නීල ජලාශේ ,නීල ජලාශය,හදවත,රාධාගේ හදවත නීල ජලාශයක් මෙන් පිවිතුරුයි
හන්තානට පායන හඳ,Hanthanata Payana Sanda,ධම්මික බණ්ඩාර,Dhammika Bandara,"හන්තානට පායන හඳ ලස්සනයිද කියන්න ....
මා නොදකින ඒ පුරහඳ
ඔබට හැකිය දකින්න ....

අඳුරු ලලා වහිනා කල
සරසවි බිම තෙමෙන්න ....
කුඩේ යටින් ඔබ යන කල
එපා තනිය දැනෙන්න ....
ලතා මඬුලු අත වනාවි
එපා අහක බලන්න ....
මා ගැන මතකය ගුලි කර
මහවැලියට දමන්න ....",අමරසිරි පීරිස්,Amarasiri Peries,ඩැනිස්ටර් පෙරේරා,Danister Perera,ලතා මඬුලු අත වනාවි,ලතා මඬුලු ,පෙම්වතුන්ගේ ඇරයුම්,තුරු ලතාවන් සෙලවීම පෙම්වතුන් ආදරයට ඇරයුම් කරන්නාක් මෙනි
හිතවතුනි අද සුදු ඇදන් එන්න,Hithawathuni Sudu Andan Enna,ධම්මික බණ්ඩාර,Dhammika Bandara,"හිතවතුනි අද සුදු ඇදන් එන්න

මේ සුසානේ පහන් දල්වන්න
ප්‍රථම ප්‍රේමය වල දමන්නට
අසීරුයි මට උදව් වෙන්න
හිතවතුනි අද සුදු ඇදන් එන්න

පාසලේ අරලියා ගස් යට
ලියු එක කැවී පේලියක්
තවම වටහ ගන්න බරිවුනි
ඇසුරු කෙරුවත් කාලයක්
හිතවතුනි අද සුදු ඇදන් එන්න ..........

මතක ගොක් කොළ රැහැන් අතරින්
යලි ලියන්නට පෙම් කවක්
මටත් මගේ හිත හදා ගන්නට
දෙන්න අරලිය මල් මිටක්
හිතවතුනි අද සුදු ඇදන් එන්න ....",අමරසිරි පීරිස්,Amarasiri Peries,ඩැනිස්ටර් පෙරේරා,Danister Perera,මතක ගොක් කොළ  රැහැන් අතරින්,ගොක් කොළ රැහැන්,මතක,මිය යන මතකයන් අතරින් 
ආ මඟ වැරදී යන මං නොපෙනෙයි,Aa Maga Waradi Yana Man Nopenei,Unkown,Unkown,"ආ මඟ වැරදී යන මං නොපෙනෙයි
තනිවී දෙවිඳුන් නැති දෙවොලේ
කවුරු යදින්න ද කවුරු පතන්න ද
හිරු සඳු වත් නැති මිහිමඬලේ...

සඳගල තැන්නේ පාමුල සීතල වතුරේ
නුඹෙ සෙවනැලි පාවෙයි
නිල් දිය රැළි අතරේ
දං පඳුරේ මංකඩ ළඟ ගොම්මන් අඳුරේ
දියබුං හඬ නෑ දැන් එය සිහිනෙකි මිහිරේ...

හඬා දොඩා කීවත් කවුරුද ඇසුවේ
ප්‍රාර්ථනා ගඟ උතුරා කඳුළැලි ගැලුවේ
මන්දාරම් අහස වැසූ මිහිදුම් සළුවේ
කිම්ද සොඳුරු ජීවන මඟ හිරිකඩ හෙලුවේ...

සඳගල තැන්නේ පාමුල සීතල වතුරේ
නුඹෙ සෙවනැලි පාවෙයි
නිල් දිය රැළි අතරේ
දං පඳුරේ මංකඩ ළඟ ගොම්මන් අඳුරේ
දියබුං හඬ නෑ දැන් එය සිහිනෙකි මිහිරේ...",අමරසිරි පීරිස්,Amarasiri Peries,Unkown,Unkown,ප්‍රාර්ථනා ගඟ උතුරා කඳුළැලි ගැලුවේ,ගඟ,ප්‍රාර්ථනා,ප්‍රාර්ථනා ගංගාවක් මෙන් දෝරෙ ගලයි
සත්මහලින් බැස එන්නම්,Sathmahalin Basa Ennam,බන්දුල නානායක්කාරවසම්,"
Bandula Nanayakkarawasam","සත්මහලින් බැස එන්නම් ඔබ මා පිළිගන්නවනම්..
ආදරයේ පියගැටපෙළ පාර කියාවී..
මහ පොළොවට පිළිගන්නම් සිටු සැප හැර එනවා නම් ..
ජීවිතයේ දුහුවිල්ලෙන් ඇස් බොඳවේවී...

සිරියහනේ පොකුරු පිච්ච් මල් තනිවේවි..
දුකට කරුණු අහස අසාවී..
පන් පැදුරේ අලුත් පැතුම් දළු ලියලාවී..
ඒ පැදුරෙන් අප නොවැටේවී...

සත්මහලට පෑයූ සඳ පැලටත් ඒවී..
ඔබේ ලොවට එලිය වැටේවී...
සඳ නාවත් මගේ පැලේ එලිය ගලාවී
ඔබට පුරා හඳ පරදීවී....","නිරෝෂා විරාජිනි, කරුණාරත්න දිවුල්ගනේ","Nirosha Wirajini, Karunarathna Diwulgane",රෝහණ වීරසිංහ,Rohana Weerasinghe,ආදරයේ පියගැටපෙළ; ජීවිතයේ දුහුවිල්ලෙන් ඇස් බොඳ වෙවී,පියගැටපෙළ; දුහුවිල්ල,ආදරය;ජීවිතය,ආදරය පියගැටපෙළක් පාර කියන්නාක් මෙන් ඔබට පාර කියාවි;ජීවිතයට එන ප්‍රශ්න දුවිල්ලක් මෙන් කඳුළු ගෙන ඒවි
සැනසෙන්නම් මා,Sanasennam Ma,සේනක බටගොඩ,Senaka Batagoda,"රෑ අහසේ තරු තිබුණට...
නෑ එළියා.ක්. හඳ වාගේ...
ජීවිතයට මොනවා තිබුණද...
නෑ කිසිවක් නුඹ වාගේ...
සැනසෙන්නම් මා...
නුඹ ළඟනම් හැම මොහොතෙම හඳුනාගන්නට ජීවිතයට
සරලයි නම් මා.
නුඹ හා ගෙවනා කාලය...
සෙනෙහස විඳ ඉපිලෙයි සිත...
පාට ඉතිරෙන දේදුන්නක හැඩ...
පාවී යන්නෑ සුළඟේ බොඳවී...
ලෝකය ගැන නුඹ දකිනා සිත...
පාට පාට දේදුන්නක් වාගේ...
සැනසෙන්නම් මා...
නුඹ ළඟනම් හැම මොහොතෙම හඳුනාගන්නට ජීවිතයට
සරලයි නම් මා.
නුඹ හා ගෙවනා කාලය...
සෙනෙහස විඳ ඉපිලෙයි සිත...
සැනසෙන්නම් මා...
සැනසෙන්නම් මා...
සැනසෙන්නම් මා...
සැනසෙන්නම් මා...",සේනක බටගොඩ,Senaka Batagoda,සේනක බටගොඩ,Senaka Batagoda,"ලෝකය ගැන නුඹ දකිනා සිත...
පාට පාට දේදුන්නක් වාගේ...",දේදුන්න,මිනිස් මනස,ලෝකය ගැන නුඹේ සිත දේදුන්නක් මෙන් වර්ණවත්
අළු යට ගිනි,Alu Yata Gini,සේනක බටගොඩ,Senaka Batagoda,"පුපුරන්නට යන කන්දක් ලග
සුවසේ ඉන්නට බෑ
අවදානම කොයි මොහොතෙද!
ජීවිතයම සීමා කොටු තුල
සිරවී සිටියාද හිතෙනවා බැලුවම
පසුගිය කාලය
වෙනසක් විය යුතුමයි ජීවිතයට
කවදද කොහොමද නොදනී හරියට
අළු යට ගිනි වැනි හිතුවිලි
අපිව වසාගෙන කොහෙදො ඈතක යනවා...
සීතල කදු වැටියෙන් ඔබේ
නිල්ල පිරුණු මිටියාවත
තොතැන්නකි හැමදෙටම ...
ජීවිතයට අගයක් වන වේනම්
සිතුවිලි වල සුවඳ දැනෙනම් තව,
වෙන මොනවද?
වෙනසක් විය යුතුමයි ජීවිතයට
කවදද කොහොමද නොදනී හරියට
අළු යට ගිනි වැනි හිතුවිලි
අපිව වසාගෙන කොහෙදො ඈතක යනවා...
අළු යට ගිනි වැනි හිතුවිලි
අපිව වසාගෙන කොහෙදො ඈතක යනවා...
අළු යට ගිනි",සේනක බටගොඩ,Senaka Batagoda,සේනක බටගොඩ,Senaka Batagoda,අළු යට ගිනි වැනි හිතුවිලි,අළු යට ගිනි,සිතිවිලි,අළු යට ගිනි මෙන් සිතිවිලි කිනම් මොහොතක හෝ නැවත පැමිණිය හැක
නිදි නැති රැය පුරාවට,Nidi nathi reya purawata,සේනක බටගොඩ,Senaka Batagoda,"නිදි නැති රැය පුරාවට කිසි නිමක් නැති
සිතිවිලි සයුරටත් වැඩි මිස අඩුත් නැති
අවසානයේ දී ඒ හැම බොඳ මීදුමක් සේ
ඈතට පාවි පාවි ගිය හැටි මතකයි

ජිවිතයේ මේ විදියට ප්‍රාර්ථනා පුරවාගෙන
කාලය තුල දිව යනවා
කල කී දේවල් පමණක් පසු පස වාගෙ දැනෙනව
සෙවනැල්ලක් වගේ

විටකදි නොසිතු දේ විටකදි ළඟා වෙති
එලෙසම සමහරක් දේවල් ඈත් වෙති
අවසානයේ දී ඒ හැම බොඳ මීදුමක් සේ
ඈතට පාවි පාවි ගිය හැටි මතකයි

ජිවිතයේ මේ විදියට ප්‍රාර්ථනා පුරවාගෙන
කාලය තුල දිව යනවා
කල කී දේවල් පමණක් පසු පස වාගෙ දැනෙනව
සෙවනැල්ලක් වගේ //",සේනක බටගොඩ,Senaka Batagoda,සේනක බටගොඩ,Senaka Batagoda,සිතිවිලි සයුරටත් වැඩි මිස අඩුත් නැති,සයුර,සිතිවිලි,සිතිවිලි සයුරක් මෙන් අති විශාලයි
හදවත ඉල්ලා,Hadawatha Illa,වර්නන් පෙරේරා, Vernon Perera,"හදවත ඉල්ලා නොලැබුණු විටදි
දහසක් සිතුවිලි මා හද තුල කැලඹී
මිතුරිය ඔබ කෙලෙසක හෝ අමතක කරමි
නොපිරූ පෙරුමන් පුරලා කුමටද ළතැවී
ඔය නෙතු අග රැඳී තිබූ
නිල්මිණි ඡායා
දැක මා හදවත සසැලී
සෙනෙහස කීවා
හදවත ඉල්ලා නොලැබුණු විටදි
දහසක් සිතුවිලි මා හද තුල කැලඹී
මතු අප උපදින භවයේ
යලි හමුවේවා
ඔය නෙතු අග සිසිල දැනී
මට ළංවේවා
හදවත ඉල්ලා නොලැබුණු විටදි
දහසක් සිතුවිලි මා හද තුල කැලඹී
මිතුරිය ඔබ කෙලෙසක හෝ අමතක කරමි
නොපිරූ පෙරුමන් පුරලා කුමටද ළතැවී",ප්‍රියා සූරියසේන,Priya Suriyasena,ස්ටැන්ලි පීරිස්,Stanley Peiris,නිල්මිණි ඡායා,කඳුළු,මිනිස් මනස,මිනිස් හැඟීම් දුක්බර සිතිවිලි කඳුලු ලෙස ප්‍රකාශ වේ
පායා ඈයි හිනෑහෙන්නෙ,Paya ai Hinehenne,ඇලෝයි ගුණවර්ධන,Aloy Gunawardane,"පායා ඈයි හිනෑහෙන්නෙ
නිල් ගුවනෙ තරු රාශී
නෑතිවී නෑතිවීනම් ඈගෙ මුහුනෙ
නිල්වන් දෙනෙතේ කාන්ති
පායා ඈයි හිනෑහෙන්නෙ...
ඈගෙ වත මට නොපෙනේ නම්
පුන් සද ඈයි හිනෑහෙන්නේ...
ඈගෙ වත මට නොපෙනේ නම්
පුන් සද ඈයි හිනෑහෙන්නේ...
නෑති දා ඈගෙ ගී රාවෙ
කොවුලනි ඈයි ගී ගෑයුවෙ
කොවුලනි ඈයි ගී ගෑයුවෙ
වනයෙ පිපි මල් ගොමුවෙ
සමනලයනි ඈයි නෑටුවෙ
නෑතිවී නෑතිවීනම් ඈගෙ මුහුනෙ
නිල්වන් දෙනෙතේ කාන්ති
පායා ඈයි හිනෑහෙන්නෙ
ඈගෙ දිමුතු දසන් නොපෙනි
මට මොකටද මුතු පන්තී...
ඈගෙ දිමුතු දසන් නොපෙනි
මට මොකටද මුතු පන්තී...
ඈගෙ කදුලෑලි නෑති විටදි
ඔනෑ නෑ දියමන්ති
ඔනෑ නෑ දියමන්ති
පායා ඈයි හිනෑහෙන්නෙ
නිල් ගුවනෙ තරු රාශී
නෑතිවී නෑතිවීනම් ඈගෙ මුහුනෙ
නිල්වන් දෙනෙතේ කාන්ති
පායා ඈයි හිනෑහෙන්නෙ...",එච්. ආර්. ජෝතිපාල,H.R. Jothipala,හින්දි තනුවක් ඇසුරින්,From a Hindi Melody,ඈගෙ දිමුතු දසන් නොපෙනි මට මොකටද මුතු පන්තී,මුතු පන්ති,දිමුතු දසන්,ඇගේ දත් පෙළ මුතු පන්තියක් මෙන් ලස්සනයි
මිහිරියේ ගැමි ළඳේ,Mihiriyee Gami Landee,මඩවල එස්. රත්නායක,Madawala S. Ratnayaka,මිහිරියේ ගැමි ළඳේ මිහිරියේ ගැමි ළඳේ  කැලේ මල් සුවඳ මුසු මිහිර දෙන නව උදේ පැන් පුරා කළය ගෙන තබා ඔබ මුදු බඳේ අහිංසක මුව දෙනක ගුණය රැඳවූ හදේ උදෑසන මා දකින මිහිරියේ ගැමි ළඳේ  ඔබ මුහුණු දකින් විට නොපිපි වන මල් පිපේ කියඹු වැල් මා බලා ඔබේ නළලත හැපේ ඔබ නිසාමයි ළඳේ ගමට මෙපමණ ඔපේ උදෑසන මුණ ගැසුම පමණි මට ඇති සැපේ  ඔබ දකිනු හැර අනෙක්‌ සම්පතක්‌ මට නැති මුළු සොබාවික ලොවම දිගැස්‌ යුවළට ගැති දවස සරුවට ඔබේ එක හිනාවක්‌ ඇති රැගෙන ආ නව එළිය මගේ ගමට සඳවතී,ඩබ්ලිව්.ඩී.අමරදේව,W.D.Amaradewa,ඩබ්ලිව්.ඩී.අමරදේව,W.D.Amaradewa,මිහිරියේ ගැමි ළඳේ;අහිංසක මුව දෙනක ගුණය රැඳවූ හදේ,මිහිරි;මුව දෙන,ගැමි කාන්තාව;හදවත,ගැමි කාන්තාවන් ඉතාම සුන්දර හා මිහිරි වේ;ඇයගේ හදවත මුව දෙනක සේ අහිංසක හා පිවිතුරුය
මළ හිරු බසිනා සැන්දෑ යාමේ,Mala Hiru Basina Sandaa Yaamee,මහගමසේකර,Mahagamasekara,මළ හිරු බසිනා සැන්දෑ යාමේ ඔබගෙන් සමුගන්නම් අඳුරට ඉඩදී අඳුරේ සැඟවී ඔබගෙන් වෙන් වී මම යන්නම්  නිදි නැති යහනේ රෑ යාමේ කාංසියේ ඔබ හිඳිනා වේලේ සුළඟේ දැවටී ඔබට හොරෙන් මම ඔබ වෙත එන්නම් සියුමැලි දෑතින් ඔබ හිස අතගා ඔබ නිදි කරවා මම යන්නම්  අළුයම පිබිදෙන ඔබගේ දෑසේ මල් පෙති අග පිනි කඳුලක්‌ රඳවා සුසුමක්‌ වාගේ ඉන් පිටවී ඔබගෙන් වෙන් වෙන්නම් අඳුරට ඉඩදී අඳුරේ සැඟවී ඔබගෙන් වෙන් වී මම යන්නම්,ඩබ්ලිව්.ඩී.අමරදේව,W.D.Amaradewa,ඩබ්ලිව්.ඩී.අමරදේව,W.D.Amaradewa,ඔබගේ දෑසේ මල් පෙති,මල් පෙති,දෑස,ඇයගේ දෑස මල් පෙත්තක් සේ සියුමැලි හා සුන්දර වේ
සන්නාලියනේ,Sannaaliyanee,මහගමසේකර,Mahagamasekara,සන්නාලියනේ සන්නාලියනේ මේ හිමිදිරි උදයේ සන්තෝසෙන් ඔබ හිනැහී හිනැහී කාටද ඇදුම වියන්නේ කාටද ඇදුම වියන්නේ   මාලගිරා තටු සේම රුවින් යුතු නිල්වන් ඇදුම වියන්නේ කාටද ඇදුම වියන්නේ  මාලගිරා තටු සේම රුවින් යුතු නිල්වන් ඇදුම වියන්නේ ඊයේ ඉපදුනු කුලුදුල් දූටයි මේ පොඩි ඇදුම වියන්නේ  සන්නාලියනේ සන්නාලියනේ මේ හැන්දෑ යාමේ හැඩ වැඩ දමලා ලස්සන කරලා කාටද ඇදුම වියන්නේ කාටද ඇදුම වියන්නේ   සැන්දෑ අහසේ රන්වන් පාටින් දිලිසෙන ඇදුම වියන්නේ කාටද ඇදුම වියන්නේ  සැන්දෑ අහසේ රන්වන් පාටින් දිලිසෙන ඇදුම වියන්නේ ඒ කුලුදුල් දූ දීගෙක දෙන්නයි මංගල ඇදුම වියන්නේ  සන්නාලියනේ සන්නාලියනේ සීතල හද එළියේ මැළවුණු මුහුණින් වෙව්ලන දෑතින් කාටද සලුව වියන්නේ හීතල සලුව වියන්නේ  කණකොක් තටුවේ සුදුමැලි පාටින් සීතල සලුව වියන්නේ කාටද සලුව වියන්නේ  කණකොක් තටුවේ සුදුමැලි පාටින් සීතල සලුව වියන්නේ මියගිය ඇයගේ මිනිය වහන්නයි සීතල සලුව වියන්නේ....,ඩබ්ලිව්.ඩී.අමරදේව,W.D.Amaradewa,ඩබ්ලිව්.ඩී.අමරදේව,W.D.Amaradewa,මාලගිරා තටු සේම රුවින් යුතු නිල්වන් ඇදුම,මාලගිරා තටු,ඇදුම,සන්නාලියන් වියන ඇඳුම මාලගිරවෙකුගේ තටුවක පාට මෙන් අලංකාරය
මගේ කඳුළින්,Magee Kandulin,මහගමසේකර,Mahagamasekara,මගේ කඳුළින් ඔබේ දෙනුවන් දොවාලන්නට වරම් නෑ මගේ දෙතොලින් ඔබෙ කඳුලැල් නිවාලන්නට වරම් නෑ  සිතෙයි දෝතින් මලක්‌ සේ ගෙන ඔබේ සෙනෙහස වැළඳ ගන්නට නමුදු පරසතු මලක්‌ වී ඔබ නොමැත මා හට සුවඳ දෙන්නේ  සිතේ ඇවිළෙන ඔබේ හදවත මගෙ සුසුමින් නිවා ලන්නට නමුදු අවසර නොමැති පියසෙකි ඔබේ ලොව මට අත පොවන්නට,ඩබ්ලිව්.ඩී.අමරදේව,W.D.Amaradewa,ඩබ්ලිව්.ඩී.අමරදේව,W.D.Amaradewa,පරසතු මලක්‌ වී ඔබ,පරසතු මලක්‌,ඔබ,ඔබ පරසතු මලක් සේ මට අයිතියක් නොමැත
මින්දද හීසර,Mindada Hisara,මඩවල එස්. රත්නායක,Madawala S.Rathnayake,මින්දද හීසර වැදී සැළෙන හද නංවන දුක්‌ ගී ඔබට ඇසෙනවද නන්දන මල් අතුරා ඇති යහනට කන්ද කපා පායන් රන් පුන් සඳ  තුරඟෙකු පිට නැගි නීල වලාකුළු ගුවන් ගැබෙන් ඔබ ඇදෙන වෙලේ පිබිදුනු දෑසින් බලා හිඳිමි මම කුසුම් සිනා කැන් හද පුරවා  මෙතුවක්‌ කල් මුව මඬල වසා සිටි අන්ධකාර සළු පටින් මුදා නෙත් මිණි පහනින් පහන් කරනු මැන අනාගතේ මන් පෙත පාදා,ඩබ්ලිව්.ඩී.අමරදේව,W.D.Amaradewa,ඩබ්ලිව්.ඩී.අමරදේව,W.D.Amaradewa,නෙත් මිණි පහනින් පහන් කරනු මැන,පහන,නෙත්,පහනක අලෝකය සේ ඔබේ නෙත් මගේ ලෝකය එලිය කරවයි
පාලු අඳුරු නිල් අහස මමයි,Paalu Anduru Nil Ahasa Mamai,මහගමසේකර,Mahagamasekara,පාලු අඳුරු නිල් අහස මමයි ඈත දිලෙන තනි තරුව ඇයයි යුගයෙන් යුගයට හදවත් ඉල්ලන බලාපොරොත්තුව පැතුම ඇයයි පාලු අඳුරු නිල් අහස මමයි ඈත දිලෙන තනි තරුව ඇයයි  අසාර වූ මහ පොළොව මමයි ගලා බසින දිය දහර ඇයයි // යුගයෙන් යුගයට හදවත් නලවන සදාකාලික වු සැපත ඇයයි  පාලු අඳුරු නිල් අහස මමයි ඈත දිලෙන තනි තරුව ඇයයි  කැළෑව මැද ක‍ටු පඳුර මමයි පිපී වැනෙන මල් පොකුර ඇයයි // යුගයෙන් යුගයට හදවත් පුරවන අඳුරු වේදනා කැටිය ඇයයි  පාලු අඳුරු නිල් අහස මමයි ඈත දිලෙන තනි තරුව ඇයයි,ඩබ්ලිව්.ඩී.අමරදේව,W.D.Amaradewa,ඩබ්ලිව්.ඩී.අමරදේව,W.D.Amaradewa,පාලු අඳුරු නිල් අහස මමයි ඈත දිලෙන තනි තරුව ඇයයි;අසාර වූ මහ පොළොව මමයි ගලා බසින දිය දහර ඇයයි,තරුව;දිය දහර,ඇය;ඇය,පාලු අඳුරු වූ මගේ ජීවිතයට තනි තරුවක් ලෙස දිලී අලෝකය දෙන්නේ ඇයයි;අසාර වූ  මගේ ජීවිතයට ගලා බසින දිය දහර සේ පණ දෙන්නේ ඇයයි
නිල් මානෙල් මල් පිපුනා,Nil Maanel Mal Pipuna,මඩවල එස්. රත්නායක,Madawala S.Rathnayake,නිල් මානෙල් මල් පිපුනා නෙත් සැදුනා ඒ අනුරාගී නළල ඇගේ අඬසඳ වාගේ මිහිර නොවෙද හදවත කාගේ  මුතු ඇටවන් දත් පෙළ සුදිළේ සිනහ නැඟේ දත්වල කැල්මේ ඇයගෙ දෙපා ළඟ මහද තැවේ එපමණි මා ලද එකම සුවේ  දිගින් දිගට නැතිවී නැතිවි අඳුරු වුනා මල්බර ජීවේ තනිකම මා වට පැතිර සැළේ වීණා තත්සර මිහිර බිඳේ  පිසදාලා තනිකම ලෝකේ ලොව නැහැවූ සුගතිය ජලයේ බුදුහිමි මම ඔබ හමුව ලොවේ සටනට එන්නෙමි රැයද දැවේ,ඩබ්ලිව්.ඩී.අමරදේව,W.D.Amaradewa,ඩබ්ලිව්.ඩී.අමරදේව,W.D.Amaradewa,මුතු ඇටවන් දත් පෙළ සුදිළේ,මුතු ඇට,දත් පෙළ,ඇයගේ දත් පෙළ මුතු ඇටසේ සුදු පාටින් දිලිසේ
මුණි සිරිපා සිඹිමින්නේ,Muni Siri Paa Simbiminne,එස්‌. මහින්ද හිමි,S. Mahinda Thero,මුණි සිරිපා සිඹිමින්නේ සමනොළ ගිරි පෙදෙසින්නේ මඳ සුළඟයි මේ එන්නේ මගේ පුතා නැලැවෙන්නේ  ජාතික රණ දෙරණ මතේ ගැටී වැටී මළ මොහොතේ සුන්දර සුරඹුන් ගෙ අතේ නැළවෙනෙ බව සිතනු පුතේ නිදහස්‌ හිරු පායනවා දෑ බැති මල් පිබිදෙනවා සිරිලක්‌ මව හිනැහෙනවා මගේ පුතා නැළවෙනවා  කැප්පෙටිපොළ සෙනවිසුරු කළ රුපු සෙන් මන් දැදුරු අවිරු විකුම් පෑ අයුරු නුඹට පුතේ වෙයි මියුරු ජාතිය රන් විමනක්‌ වේ ආගම මිණි පහනක්‌ වේ එය රැකගන්නට මෙලොවේ සමත් වෙතොත් පුත නුඹවේ,ඩබ්ලිව්.ඩී.අමරදේව,W.D.Amaradewa,ඩබ්ලිව්.ඩී.අමරදේව,W.D.Amaradewa,ජාතිය රන් විමනක්‌ වේ; ආගම මිණි පහනක්‌ වේ,රන් විමන; මිණි පහන,ජාතිය;ආගම,ජාතිය යනු රන් විමනක්‌ ලෙසට වටින්නකි; ආගම මිණි පහනක්‌ ලෙසින් ලොවම අලෝකමත් කරයි
කන්දෙන් ලන්දෙන්,Kanden Landen,සුනිල් සරත් පෙරේරා,Sunil Sarath Perera,කන්දෙන් ලන්දෙන් බැස දිව එන්නේ මාදන් බෝවිටියා රස දන්නේ නින්දේ දුටු සිහිනය එළි වන්නේ සැන්දෑ කුමරිය ගඟට බසින්නේ  පුරා උදුළ ඇගෙ වත සොමි තුල්ලා සරා සඳක්‌ සේ සිත බැඳි ලොල්ලා නුරා බසක්‌ දී හද එහි දල්වා පුරා බඳුන් වී සතුට ගෙනැල්ලා  නවම් මහේ මගෙ පැලට වඩින්නේ උවම් මොටද ඉන් දුක්‌ දුරු වන්නේ දෑත සුරළ් ගී රබන් වයන්නේ ගීත සවන් හේ බඳුන් පිරෙන්නේ,ඩබ්ලිව්.ඩී.අමරදේව,W.D.Amaradewa,ඩබ්ලිව්.ඩී.අමරදේව,W.D.Amaradewa,සරා සඳක්‌ සේ,සරා සඳ,කාන්තාව,කාන්තාව සරා සඳක්‌ සේ නිර්මල හා පිවිතුරුය
කන්ද උඩින් එන,Kanda Udin Ena,මහගමසේකර,Mahagamasekara,කන්ද උඩින් එන කිකිළිය ගෝමරියේ නළල් වටින් එන දාඩිය මුතු කැටියේ  කන්ද උඩින් එන ගෝමරියේ ඇයි මට පිටුපා ගෙට යන්නේ නළලේ දාඩිය මුතුපට පටලා වළකුලේ සුදු සේලය රැළි ලා අත පාමුදු පය පාමුදු ලාගෙන ළමැද ගෝමර මල් ගවසාගෙන කන්ද උඩින් එන ගෝමරියේ  කන්ද උඩින් සඳවත පායන්නේ සිනා කිරෙන් සඳ එළිය ගලන්නේ ලැවුගිනි ගත් හද එයිනි නිවෙන්නේ රන්තැටියෙන් කිරි දියර දියන්නේ  කඳු පාමුල මිටියාවත වැතිරී ඔබ එනතුරු මම හිඳිනෙමි තනිවී ඈත ඉඳන් කඳු මුදුනට නැගලා මා කැදවන් ඔබ වෙත අත වනලා,ඩබ්ලිව්.ඩී.අමරදේව,W.D.Amaradewa,ඩබ්ලිව්.ඩී.අමරදේව,W.D.Amaradewa,වළකුලේ සුදු සේලය රැළි ලා,වළාකුල,සේලය,ඇයගේ සේලය වළාකුලක් සේ සුදු පැහැයෙන් බබළයි
කඳුළු කිරි පොවා,Kandulu Kiri Powa,ධර්මසිරි ගමගේ,Dharmasiri Gamage,කඳුළු කිරි පොවා තුරුලේ සෙනෙහසින් හදා කඳුළු විල දිගේ නොපෙනී ගියාදෝ අම්මා  සත් පියුම් විලේ විල මැද යළි පිපී දිලේ දුටු සඳ දරුවන් වෙත මවකගේ සෙනේ මිහිකත වුව හඬා වැටේ  නිවන් මන් පෙතේ ඔබ  ගිය මන් ලකුණු පෙනේ වඩිනා දා නිවන් පුතු සෙනේ වඩා මා දෙස බලනු මට දැනේ,ඩබ්ලිව්.ඩී.අමරදේව,W.D.Amaradewa,සරත් ද අල්විස්,Sarath de Alwis,මවකගේ සෙනේ මිහිකත වුව හඬා වැටේ,මිහිකත,මවකගේ සෙනේ,මවකගේ සෙනේ මිහිකත තරම් අපරිමිත වේ
සසර වසන තුරු,Sasara Wasana Thuru,ඩෝල්ටන් අල්විස්,Dolton Alwis,සසර වසන තුරු නිවන් දකින තුරු පින් කෙත හෙළ රන් දෙරණේ යළි උපදින්නට හේතු වාසනා වේවා හේතු වාසනා  රත්නමාලි සෑ කිරණයි මහ බෝ සෙවණයි තිසා වැවයි සීගිරියයි මගේ උරුමයයි  සසර වසන තුරු නිවන් දකින තුරු පින් කෙත හෙළ රන් දෙරණේ යළි උපදින්නට හේතු වාසනා වේවා හේතු වාසනා,ඩබ්ලිව්.ඩී.අමරදේව,W.D.Amaradewa,ඩබ්ලිව්.ඩී.අමරදේව,W.D.Amaradewa,පින් කෙත හෙළ රන් දෙරණේ,පින් කෙත,දෙරණ,මේ දෙරණ පින් කෙතක් ලෙස වටී
කැළේ පිපුණු මලක් විලස,Kale Pipunu Malak Wilasa,මොනිකා රුවන්පතිරණ,Monica Ruwanpathirana,කැළේ පිපුණු මලක් විලස ඇගෙ රූ සිරි දිලෙනා ඇලේ දොලේ පෙන පිඬු ඇගෙ සිනා වතින් සැලෙනා  කැලේ එපිට ඈත රටක ගව් සිය ගව් දුරිනා සිදාදියෙන් එ මල සොයා කවුදෝ එනු ඇසෙනා  සිදාදියේ මන්දිරයක සඟවාලන ලෙසිනා දෑස වසා ඇය ගෙන යන රහස් කතා ඇසෙනා  කැළේ පිපුණු මලක් විලස..  සිදාදියේ මන්දිරයක බැල මෙහෙවර කරනා අනාගතය සිහිවී ඇගෙ නෙත කඳුලැලි සැලෙනා  හදේ නැගෙන ගිණි දැල්ලක් ඇගෙ රන් බඳ වෙලෙනා කැළේ පිපුණු සොඳුරු මලට නැතිදෝ රැකවරණා,ඩබ්ලිව්.ඩී.අමරදේව,W.D.Amaradewa,ඩබ්ලිව්.ඩී.අමරදේව,W.D.Amaradewa,කැළේ පිපුණු මලක් විලස ඇගෙ රූ සිරි,කැළේ පිපුණු මලක්,ඇය,ඇයගේ සුන්දරත්වය කැළේ පිපුණු මලක් මෙන්ය
සිහින නෙළුම් මල,Sihina Nelum Mala,ධර්මසිරි ගමගේ,Dharmasiri Gamage,සිහින නෙළුම් මල ජීවිත පොකුණේ දෑස අබියස පිපී සැලේ දෑස අබියස පිපී සැලේ සිහින නෙළුම් මල ජීවිත පොකුණේ  තුන් යම ගත වූ ජීවිතයේ අරුණළු නැගෙනා පභාතයේ // අහස ඉසව්වෙන් ඔබ මා දුටුවේ රිදී පහන් තරුවක් වාගේ රිදී පහන් තරුවක් වාගේ  දෑස වසාගෙන මැදියම් යාමේ යහනත වැතිරී නිදන වෙලේ // කවියක් ලෙස ඔබ හදවත ගුලි වී මා හද පිරිමැද අවදිකලා  මැදියම අවදි ව හැබැහින් දුටුවෙමි පෙරයම නින්දේ දුටු සීනේ එහෙත් සිහිනයක් වේ දෝ එය යළි ජීවිතයේ අන්තිම යාමේ,ඩබ්ලිව්.ඩී.අමරදේව,W.D.Amaradewa,ඩබ්ලිව්.ඩී.අමරදේව,W.D.Amaradewa,ඔබ මා දුටුවේ රිදී පහන් තරුවක් වාගේ,රිදී පහන් තරුවක්,ඔබ,ඇය රිදී පහන් තරුවක් වාගේ අන්ධකාරයේ දිලිසේ
පරමිතා බල පූරිත පූජිත,Paaramitha Bala Puuritha Puujitha,චන්ද්‍රරත්න මානවසිංහ,Chandraratne Manawasinghe,පරමිතා බල පූරිත පූජිත බුද්ධ දිවාකරයානෝ වෙසක්‌ පොහෝ දින දිනූ සේක ලොව බුද්ධ දිවාකරයානෝ  සැනසෙමු පුද දී මුනි සිරිපාදේ පිහිනමු පිහිනමු බුදුගුණ මුහුදේ  සනසා මුළු ලොව නොවන් ලබාදී පුණ්‍ය මහෝද දී ශාන්ත සමාධී සණරාමර ගුරු ලෝක ශිවංකර බුද්ධ දිවාකරයානෝ  මාර පරාජය කළ මුනිඳුන් ගේ කරුණා සීතල නෙත දහරා ගලා බසී තුන් ලෝතලයේ දුක්‌ ගිමන් නිවා අම සෙත සාදා  බුදුරැස්‌ කැටිවී නැගි ආලෝකේ පිසයයි දුකඳුරු මුළු තින් ලෝකේ,ඩබ්ලිව්.ඩී.අමරදේව,W.D.Amaradewa,ඩබ්ලිව්.ඩී.අමරදේව,W.D.Amaradewa,පිහිනමු බුදුගුණ මුහුදේ,මුහුද,බුදුගුණ,බුදුගුණ මුහුදක් ලෙස අපරිමිත වේ
ඔබ දේදුන්න,Oba Dedunna,සුනිල් ආරියරත්න,Sunil Ariyarathne,ඔබ දේදුන්න ආකාසයේ අන්දා තබා යන තෙක් විත් බලා එය සේදෙන්න වැහි මේකුලේ සැංගී හඹා එමි කඳුලැල් සලා ඔබ දේදුන්න ආකාසයේ සුළ‍ඟේ නළවා පෙර සේ එනවා ඔබ මා කළඹා කිමදෝ යන්නෙ නොරැඳී ගලා ගගනේ පියඹා කැදලි නොඅඹා ඔබ ආ ගිය දා සිට මා ඉන්නේ උමතු වෙලා ඔබ මල් විලකි මා එහි මලකි සුවඳින් කැලතී යමු පීනන්න දියවැල් සලා,මර්වින් පෙරේරා ,Mervin Perera,Unkown,Unkown,ඔබ දේදුන්න ආකාසයේ,දේදුන්න,ඔබ/ ආදරවන්තිය,ආදරවන්තිය දේදුන්නක් මෙන් පා ය තා වකලිකව අන්දා තබා ගනි
ඔබේ ආදරේ,Obe Adare,සුනිල් ආරියරත්න,Sunil Ariyarathne,ඔබේ ආදරේ ශිලා ලිපියක් වගේ ඔබේ ආදරේ දෙවන පෑ තිස් රජ දවසේ ශිලා ලිපියක් වාගේ ‍ ශිලා ලිපියක් වගේ අවු වැසි වතුරින් පිඩිත වී බිඳී තැනින් තැන අකුරු මැකී කියවා ගන්නට බෑ වටහා ගන්නට බෑ කියවා ගන්නට බෑ වටහා ගන්නට බෑ මහ වන වදුලේ අසරණ වී සියවස් ගණනක් නටඹුන් වී ඉස්පිලි පාපිලි නෑ බෙදුණු වදන් වැකි නෑ ඉස්පිලි පාපිලි නෑ බෙදුණු වදන් වැකි නෑ,මර්වින් පෙරේරා ,Mervin Perera,Unkown,Unkown,ඔබේ ආදරේ ශිලා  ලිපියක් වගේ,ශිලා  ලිපිය,ආදරය,ඔබගේ ආදරය තෙරුම්ගත නො හැ කි එකකි
පබසර රන්,Pabasara Ran,ප්‍රේමකීර්ති ද අල්විස්,Premakeerthi da Alwis,පබසර රන් පබළු මිණිමුතු කැන් ඔපලූ රජ කිරුළු අගය නැතේ ඔබෙ හද මල් උයනේ නැළවෙන මල් පවනේ දිළිඳු පැලේ එළිය ඇතේ ගඟ බැස එයි සයුර බලා හිරු හිනැහේ නෙළුම නෙලා නෙත සිත හා එකතු වෙලා ඔබ දැකුමෙන් උමතු වෙලා කළුවර රෑ රළු අහසේ තරුවැල හා අඩ සඳ සේ නොපිරුණු මේ සිතට මගේ ඔබ ගෙන එයි සතුට අගේ,මර්වින් පෙරේරා ,Mervin Perera,Unkown,Unkown,ඔබෙ හද මල් උයනේ,මල් උයන,හද,"හදවත, මල් උයනක සුන්දරත්වයට සමා න කර ඇත"
දෙදෙනා පෙරදා,Dedena Ran,ප්‍රේමකීර්ති ද අල්විස්,Premakeerthi da Alwis,දෙදෙනා පෙරදා හමුවී නොදොඩා නොබලා වෙන් වූ තැන් කරා ආයෙමත් පැමිණිලා දෙදෙනා දිගු කාලයක් ගෙවී ගියේ එක මොහොතක් ලෙසින්නේ ළඳේ ඒ මොහොත දැන් දිගු කාලයක් ලෙස ආයෙත් ගෙනල්ලා තියේ අද මේ කියූ දේ ඊයේ වුණා නම් අද ඊයේ වේවී ළඳේ ඔබ ආදරෙන් සිනාසුනත් අද අලුතින් උපන් මේ ලොවේ විස ගෑවුනත් මධු පානයක් ලෙස ඈ මා ළඟින් මිහිරියේ අසනු සමා වී ආයේ පමාවී කිසිදාක නොයෙනූ ළඳේ,මර්වින් පෙරේරා ,Mervin Perera,Unkown,Unkown,මධු පානයක් ලෙස ඈ,මධු පා නය,ඇය,ඇය මධු පා නයක් බදුය
හිමිනේ සැරේ පා නගනා,Himin Sare Pa Nagana,ප්‍රේමකීර්ති ද අල්විස්,Premakeerthi da Alwis,හිමින් සැරේ පා නගනා දුවේ හර්ෂනී සිනා සිසී ඳඟ කරනා දුවේ හර්ෂනී දුවේ හර්ෂනී ජීවිතයේ මාලිගාව සතුට පුරා දී මනාව වාසනාව මට ගෙනාව කැකුළු සුවඳ කිරි සිනාව මල් සුවඳයි පින් සුවඳයි රෝස මලක පාට ගෑව ආකාසේ හැන්දැවක ඈත ඇදෙන කුරුළු රෑන ගයන ගීත ඉල්ලාගෙන මුමුනන්නම් නළවන්නම්,මිල්ටන් මල්ලවරාච්චි,Milton Mallwarachchi,Unkown,Unkown,රෝස මලක පාට ගෑව ආකාසේ හැන්දැවක,රෝස මල,හැන්දැ  අහස,හැන්දැ  අහසේ ලස්සන
ප්‍රේම පරාදීසේ,Pem Paradise,ප්‍රේමකීර්ති ද අල්විස්,Premakeerthi De Alvis,ප්‍රේම පරාදීසේ\nසිනහ බිඳුව ඔබ\nකඳුළු බිඳුව ඔබ\nප්‍රේම පරාදීසේ\nවිකල් මතක මැද පහන් තරුව ඔබ\nබොඳවුණු සිහිනෙක අරුණෝදය ඔබ //\nවැළපුණු වෙරළක දිය බිංදුව ඔබ\nගොළුවුණු දෙතොලක සිනහ සිලිල ඔබ\nප්‍රේම පරාදීසේ\nසිනහ බිඳුව ඔබ\nකඳුළු බිඳුව ඔබ\nප්‍රේම පරාදීසේ\nගිනි දන කතරක පවන් රළකි ඔබ\nවිළි ලන අඳුරක නැවුම් ඉරකි ඔබ //\nනොහැඟෙන නොලැබෙන නොවිඳි සුවකි ඔබ\nවියරුව ඈ මෙන් නො එන දුකකි ඔබ\nප්‍රේම පරාදීසේ\nසිනහ බිඳුව ඔබ\nකඳුළු බිඳුව ඔබ\nප්‍රේම පරාදීසේ,වික්ටර් රත්නායක,Victor Rathnayake,වික්ටර් රත්නායක,Victor Rathnayake,සිනහ බිඳුව ඔබ;කඳුළු බිඳුව ඔබ;පහන් තරුව ඔබ;බොඳවුණු සිහිනෙක අරුණෝදය ඔබ; වැළපුණු වෙරළක දිය බිංදුව ඔබ;ගොළුවුණු දෙතොලක සිනහ සිලිල ඔබ;ගිනි දන කතරක පවන් රළකි ඔබ;විළි ලන අඳුරක නැවුම් ඉරකි ඔබ;නොහැඟෙන නොලැබෙන නොවිඳි සුවකි ඔබ;වියරුව ඈ මෙන් නො එන දුකකි ඔබ,සිනහ බිඳුව;කඳුළු බිඳුව;පහන් තරුව;බොඳවුණු සිහිනෙක අරුණෝදය;වැළපුණු වෙරළක දිය බිංදුව;ගොළුවුණු දෙතොලක සිනහ සිලිල;ගිනි දන කතරක පවන් රළ;විළි ලන අඳුරක නැවුම් ඉර;නොහැඟෙන නොලැබෙන නොවිඳි සුව;වියරුව ඈ මෙන් නො එන දුක,පෙම්වතිය;පෙම්වතිය;පෙම්වතිය;පෙම්වතිය;පෙම්වතිය;පෙම්වතිය;පෙම්වතිය;පෙම්වතිය;පෙම්වතිය;පෙම්වතිය,පෙම්වතිය සතුට ගෙන දෙයි;පෙම්වතිය දුක ගෙන දෙයි;පෙම්වතිය ආලෝකමත් කරයි;පෙම්වතිය නැවුම් බව ගෙන එයි;හෙම්බත් වී සිටින මොහොතක පෙම්වතිය ජීවය දෙනවා;පෙම්වතිය තමයි තිබෙන එකම සතුට;පෙම්වතිය සැනසුම ගෙන එයි;පෙම්වතිය ජීවිතය ආලෝකමත් කරයි;පෙම්වතිය ජිවිතයට බලාපොරොත්තුව ගෙන එයි;කලින් කවියාට සිදුවුන දුක මෙන් දුක් වෙන්න සිදු නොවෙන කෙනෙක් වෙයි පෙම්වතිය
සඳ හිරු තරු පවතින තුරු,Sada Hiru Tharu Pawathina Thuru,කේ. ඩී. කේ. ධර්මවර්ධන,K. D. K. Dharmawardana,සඳ හිරු තරු පවතින තුරු\n අපි මැරෙන්නෙ නෑ\n අනඟ තරුණ බමරු අපියි\n අමර වරම අපට හිමියි\n අපි මැරෙන්නෙ නෑ....\n අපි මැරෙන්නෙ නෑ\n කලක මෙහෙන් චුත වෙනවා\n එලොව ගිහින් වැජඹෙනවා\n පෙළපත නම වෙනස් වෙලා\n ආයෙත් මෙලොවට එනවා\n එහෙම මිසක් කිසිම දිනක\n අපි මැරෙන්නෙ නෑ...\n හැරමිටියෙන් ඇවිදින්නෝ\n අපට එරෙහි වී එන්නෝ\n සීමා මායිම් වැටකොටු\n මේ කිසිවක් අපට නැතේ\n වැරදීමෙන් හුස්ම ගියත්\n අපි හඬන්නෙ නෑ....,වික්ටර් රත්නායක,Victor Rathnayake,වික්ටර් රත්නායක,Victor Rathnayake,අනඟ තරුණ බමරු අපියි,අනඟ තරුණ බමරු,තරුණයෝ,කඩිසර යොවුන් මිනිසුන් තරුණයෝ
පොඩි කුමාරිහාමි,Podi Kumarihami,සුනිල් ආරියරත්න,Sunil Ariyarathne,පොඩි කුමාරිහාමියේ\n එපා වලව්වට යන්න නියර පිට\n බලා ඉන්න පොඩි කුමාරිහාමියේ\n කාසි එපා නුඹ හිනාවෙවී\n ඔහෙ බලා ඉන්නවා නම්\n නිළමෙත් නපුරුයි ළමාතැනිත් නපුරුයි\n නපුරු වලව්වක කෝමද කෝමළ\n කතා නුඹට ලැබුණේ\n වක්කඩ කැඩුවා සේ සිනාසෙන\n සිනා ගඟුල මැවුණේ\n නුඹෙ හිනා ගඟුල මැවුණේ\n කඩා ගන්න බැරි වුණත් හරිම සුවඳයි\n නෙරිය කොනේ මඩ තිතක් ඉහින්නට\n ආසයි නුඹට හොරා\n මාල හතක් බැඳ පෝරුව මත හිඳ\n නොයන් මෙ ගම හැරදා\n නුඹ නොයන් මෙ ගම හැරදා,වික්ටර් රත්නායක,Victor Rathnayake,වික්ටර් රත්නායක,Victor Rathnayake,සිනා ගඟුල,ගඟුල,සිනාව,ලස්සන සිනාවන්
සිරිමා බෝ මැඩ,Sirimabomadha,අජන්ත රණසිංහ,Ajantha Ranasinghe,සිරිමා බෝ මැඩ මුනිඳුන් වැඩ හිඳ\nදස මර සේනා දිනූ බෙලෙන්\n ජයපැන් කරඬුව දෝත දරා\n නිදන්න දූ කුමරී\n සිරිමා බෝ මැඩ මුනිඳුන් වැඩ හිඳ\n දස මර සේනා දිනූ බෙලෙන්\n සිරි දළදා සමිඳූ නමින් ළතෙත් ගුණය ඉතිරේවා\n වම් සිරිපා රන් පද්ම\nබෙලෙන් අනන්ත නුවණ වැඩේවා\nමහා සීවලී මහිමි අනුහසින්\nඉසුරු සැපත් බෝ වේවා\nසිරිමා බෝ මැඩ මුනිඳුන් වැඩ හිඳ\nදස මර සේනා දිනූ බෙලෙන්\nජයපැන් කරඬුව දෝත දරා\nනිදන්න දූ කුමරී\nජයපැන් කරඬුව දෝත දරා\nනිදන්න දූ කුමරී\nජයපැන් කරඬුව දෝත දරා\nනිදන්න දූ කුමරී\nජයපැන් කරඬුව දෝත දරා\nනිදන්න දූ කුමරී\nබක්කුල මහ තෙරිඳූ බෙලෙන්\nනිදුක් නිරෝගී වේවා\nසූවිසි මුනිගුණ පින්\nමහිමෙන් නිරතුරු ආයු වැඩේවා\nඅසූ සාර දහසක් දම් තෙද\nකඳ සෙවණ දෙවා සුරකීවා\nසිරිමා බෝ මැඩ මුනිඳුන් වැඩ හිඳ\nදස මර සේනා දිනූ බෙලෙන්\nජයපැන් කරඬුව දෝත දරා\nනිදන්න දූ කුමරී\n සිරි දළදා සමිඳූ නමින් ළතෙත් ගුණය ඉතිරේවා\nවම් සිරිපා රන් පද්ම\nබෙලෙන් අනන්ත නුවණ වැඩේවා\nමහා සීවලී මහිමි අනුහසින්\nඉසුරු සැපත් බෝ වේවා\nසිරිමා බෝ මැඩ මුනිඳුන් වැඩ හිඳ\nදස මර සේනා දිනූ බෙලෙන්\nජයපැන් කරඬුව දෝත දරා\nනිදන්න දූ කුමරී\nජයපැන් කරඬුව දෝත දරා\nනිදන්න දූ කුමරී\nජයපැන් කරඬුව දෝත දරා\nනිදන්න දූ කුමරී,වික්ටර් රත්නායක,Victor Rathnayake,වික්ටර් රත්නායක,Victor Rathnayake,වම් සිරිපා රන් පද්ම,රන් පද්ම,වම් සිරිපා,වටිනා පිරිසුදු සිනිදු පුජනීය වම් සිරිපතුල
සඳ හිරු තරු මැද,Sadha Hiru Tharu Madha,ප්‍රේමකීර්ති ද අල්විස්,Premakeerthi De Alvis,සඳ හිරු තරු මැද පොකුරු ගැහී යන\nමේ කුළු සළුව ඉරා\nඔබ රුව මනසින් දුටුවෙමි මෙහි\nඑනයුරු සුව පහන් දරා....\nපිණිමුතු කැටමුතු සළුව එලා ලා තණපත් මත වැතිරී\nඔබ එන පියමග පෙරට වඩා සරසයි සෙනෙහස ඉතිරී\nසරසයි සෙනෙහස ඉතිරී....\nනියවැද මැලවුණු ළඳළු දෙපත් හිරු වැසි ලද සේ පිබිදී\nසෙවණට ඉඩ සැලසුම් දෙන තුරු සෙවණෙහි සැතපෙමි නොඇදී\nසෙවණෙහි සැතපෙමි නොඇදී...,වික්ටර් රත්නායක,Victor Rathnayake,වික්ටර් රත්නායක,Victor Rathnayake,මේ කුළු සළුව;පිණිමුතු කැටමුතු සළුව,සළුව;ගඟුල,මේ කුළු;සිනාව;,සුදු පාට වලාකුළු ස්තරය;පිනි බින්දු වැටී සුදු පාටින් දිස්වීම
පෙම්බර මධු මගේ,Pembara Madhu Mage,කරුණාරත්න අබේසේකර,Karunarathne Abeysekara,පෙම්බර මධු මගේ\nමා නැතේ ඔබෙන් මිදුනේ\nසුරූපී දේහ විලාසේ\nමැවේ මැවේ නයනේ\nපෙම්බර මධු මගේ\nපෙම්බර මධු මගේ\nලොවේහි ඈත අනන්තේ\nපැලක් තුලේ නොපෙනී\nඇතත් හොරෙන් හැංගීලා\nමගේ දුකත් නොදැනී\nඅරන් එමි ඔබ කැන්දා\nඇසිල්ලකින් පැමිණී\nසුරූපී දේහ විලාසේ\nමැවේ මැවේ නයනේ\nපෙම්බර මධු මගේ\nපෙම්බර මධු මගේ\nවඩාලා දෝත පුරාලා\nපරෙවි කුමාරිය සේ\nසුගන්ධ මල් යහනාවේ\nහොවා පෙමින් සිතුසේ\nපවන් සලා ඔබ සනසම්\nලදල්ලකින් සුවසේ\nසුරූපී දේහ විලාසේ\nමැවේ මැවේ නයනේ\nපෙම්බර මධු මගේ\nපෙම්බර මධු මගේ\nඅපේම පාළු විමානේ\nනිසංසලේ සහනේ\nඅමා පැනින් මත්වීලා\nඔබේ දෙතොල් බඳුනේ\nඑබෙන්නෙමි රස මදිරා\nපෙරුම් පිරූ ලෙසිනේ\nසුරූපී දේහ විලාසේ\nමැවේ මැවේ නයනේ\nපෙම්බර මධු මගේ\nපෙම්බර මධු මගේ,වික්ටර් රත්නායක,Victor Rathnayake,පී. එල්. ඒ. සෝමපාල,P. L. A. Somapala,දෙතොල් බඳුනේ,බඳුනේ,දෙතොල්,
චංචල අඳුරු ලොවේ,Chanchala Aduru Lowe,කරුණාරත්න අබේසේකර,Karunarathne Abeysekara,චංචල අඳුරු ලොවේ\nනිසංසල සීතල පරම සුවේ\nමිහිපිට තැනෙක තියේ\nසොයා එමි මම ඒ සෙවණ ප්‍රියේ\nචංචල අඳුරු ලොවේ\nනිසංසල සීතල පරම සුවේ\nමිහිපිට තැනෙක තියේ\nසොයා එමි මම ඒ සෙවණ ප්‍රියේ\nපොළව දෙදරවන ගිම්හානේ\nගතට ගිමන දෙන මද්දහනේ\nපොළව දෙදරවන ගිම්හානේ\nගතට ගිමන දෙන මද්දහනේ\nඇසිපිය හෙළනට ලැගුම් පතන්නෙමි\nපිවිතුරු හදවත් මල් යහනේ\nචංචල අඳුරු ලොවේ\nනිසංසල සීතල පරම සුවේ\nමිහිපිට තැනෙක තියේ\nසොයා එමි මම ඒ සෙවණ ප්‍රියේ\nනිසරු වියළි කළු වැලි කතරේ\nමුමුණ මුමුණ යන දිය දහරේ\nනිසරු වියළි කළු වැලි කතරේ\nමුමුණ මුමුණ යන දිය දහරේ\nසංසිඳවනු මැන හඬන පිපාසේ\nබිඳුවක් රඳවා තොල් අතරේ\nචංචල අඳුරු ලොවේ\nනිසංසල සීතල පරම සුවේ\nමිහිපිට තැනෙක තියේ\nසොයා එමි මම ඒ සෙවණ ප්‍රියේ,වික්ටර් රත්නායක,Victor Rathnayake,වික්ටර් රත්නායක,Victor Rathnayake,හදවත් මල් යහනේ,මල් යහනේ,හදවත්,ලස්සන හදවතේ
දෙතොළග සිනහා,Detholaga Sinaha,ඩබ්ලිව් එම් ටී බණ්ඩාර,W. M. T. Bandara,දෙතොළග සිනහා ආදර කැල්මෙන් නැහැවේ\nපෙම්රස අනා අමුණයි සුන්දරතාවේ\nනුවනඟ බැලුම් නිහඬව ගැයු ගී රාවේ\nමධුරස පිරේ සවනත මීවිත යාවේ\nදේදුනු දෙබැමි නැලවෙන සිත සුව යහනේ\nමිහිරක් දැනේ හදවත අඬසඳ වහනේ\nදේදුනු දෙබැමි නැලවෙන සිත සුව යහනේ\nමිහිරක් දැනේ හදවත අඬසඳ වහනේ\nදෙතොළග සිනහා ආදර කැල්මෙන් නැහැවේ\nපෙම්රස අනා අමුණයි සුන්දරතාවේ\nලොවතුල සදා මියයන මල් පිපි සෙවනේ\nඔබ මට මදාරා මලෙකිය පිය ළඳුනේ\nලොවතුල සදා මියයන මල් පිපි සෙවනේ\nඔබ මට මදාරා මලෙකිය පිය ළඳුනේ\nදෙතොළග සිනහා ආදර කැල්මෙන් නැහැවේ\nපෙම්රස අනා අමුණයි සුන්දරතාවේ\nනුවනඟ බැලුම් නිහඬව ගැයු ගී රාවේ\nමධුරස පිරේ සවනත මීවිත යාවේ,වික්ටර් රත්නායක,Victor Rathnayake,වික්ටර් රත්නායක,Victor Rathnayake,දේදුනු දෙබැමි,දේදුනු,දෙබැමි,අලංකාර ඇහිබැමි
සිහිල් සුළං රැල්ලේ,Sihil Sulan Ralle,සේන වීරසේකර,Sena Weerasekara,සිහිල් සුළං රැල්ලේ ඔබේ සුවඳ මුසු වේ\nආදරයේ මඳ සිනිඳු පහස ලැබ හදවත දළු සෙලවේ\nසිහිල් සුළං රැල්ලේ ඔබේ සුවඳ මුසු වේ\nසුදු වැලි කතරේ පිපුණු මල වගේ\nලොව්තුරු රස ගංගා\nඔබේ ආදරේ වරුසා වැහැලා\nකතර දෙව්ලොවක් වේ... කතර දෙව් ලොවක් වේ...\nසිහිල් සුළං රැල්ලේ ඔබේ සුවඳ මුසු වේ\nසීත හිමව්වේ කඳු ගැට අතරේ\nසෙනෙහස දිය දහරා\nඈත හිමේ කඳු අතරේ පාවෙන\nඅමා සුවය පැතුවේ... අමා සුවය පැතුවේ...,වික්ටර් රත්නායක,Victor Rathnayake,වික්ටර් රත්නායක,Victor Rathnayake,සෙනෙහස දිය දහරා,දිය දහරා,සෙනෙහස,සිතට සැනසුමක් ගෙනෙන සෙනෙහස
සෝක සැනසුම් වේදනාවන්,Soka Sansum Wedanawan,මීගොඩ විල්සන්,Meegoda Wilson,සෝක සැනසුම් වේදනාවන් ආදරේ පුරවා ගෙනා\nඈගෙ නිලුපුල් දෑසෙ කදුලැල්\nජීවිතේ මතු වාසනා..\nජීවිතේ මතු වාසනා..\nසෝ සැනසුම් වේදනාවන් ආදරේ පුරවා ගෙනා\nඈගෙ නිලුපුල් දෑසෙ කදුලැල්\nජීවිතේ මතු වාසනා..\nජීවිතේ මතු වාසනා..\nවීනාවෙ තත් ඇද ගී ගයන්නේ\nඈ සෙනෙහෙ හද මිහිර මවා..\nවීනාවෙ තත් ඇද ගී ගයන්නේ\nඈ සෙනෙහෙ හද මිහිර මවා..\nරන් කේලි බදිමින් මග සරසන්නේ\nජීවන ගමනේ පිහිට පතා..\nසෝක සැනසුම් වේදනාවන් ආදරේ පුරවා ගෙනා\nඈගෙ නිලුපුල් දෑසෙ කදුලැල්\nජීවිතේ මතු වාසනා..\nජීවිතේ මතු වාසනා..\nමා සිහින විමානේ පැතුම් තටාකේ\nආදර කුසුමන් පිපී තියේ..\nමා සිහින විමානේ පැතුම් තටාකේ\nආදර කුසුමන් පිපී තියේ..\nසැනසීම හෝ වැන්සීම ඔබගේ ඔය\nනිල් දෑසේ රැදී තියේ..\nසෝක සැනසුම් වේදනාවන් ආදරේ පුරවා ගෙනා\nඈගෙ නිලුපුල් දෑසෙ කදුලැල්\nජීවිතේ මතු වාසනා..\nජීවිතේ මතු වාසනා..\nසෝක සැනසුම් වේදනාවන් ආදරේ පුරවා ගෙනා\nඈගෙ නිලුපුල් දෑසෙ කදුලැල්\nජීවිතේ මතු වාසනා..\nජීවිතේ මතු වාසනා..,වික්ටර් රත්නායක,Victor Rathnayake,මර්වින් පෙරේරා,Mervin Perera,නිලුපුල් දෑසෙ;ආදර කුසුමන්,නිලුපුල්;කුසුමන්,දෑසෙ;ආදරය,නිල් පාට ලස්සන ඇස්;සුන්දර ආදරය
ගහ කොල මල්,Gaha Kola Mal,සුනිල් ආරියරත්න,Sunil Ariyarathne,ගහ කොළ මල් කදු වැටි\nනිසොල්මනේ අසා සිටිනවා...\nඅපේ පෙම් පිළිසදරේ...\nරස වෑහෙන සියොත් ගීතිකා රහසේ\nදෑස් වලින් කතා කරමු\nදෑස් වලින් රහසේ....\nගහ කොළ මල් කදු වැටි\nනිසොල්මනේ අසා සිටිනවා...\nඅපේ පෙම් පිළිසදරේ...\nරස වෑහෙන සියොත් ගීතිකා රහසේ\nදෑස් වලින් කතා කරමු\nදෑස් වලින් රහසේ....\nරන් දුනුකේ මල් මුවරද\nදෙතොල් විලේ රැදී දිලේ\nරන් දුනුකේ මල් මුවරද\nදෙතොල් විලේ රැදී දිලේ\nරැයේ අදුරේ..ඒ...මීවිත මටයි\nඑවිට ඔබට කතා නෑ.....රහසේ\nදෑස් වලින් කතා කරමු\nදෑස් වලින් රහසේ....\nසීගිරියේ පෙම් සිරිසර\nනිසල ලෙසින් ගල් අරඹේ\nසීගිරියේ පෙම් සිරිසර\nනිසල ලෙසින් ගල් අරඹේ\nඔබේ...සෙවනේ මා ගී හඩ දිලෙයි\nමුවට වදන් මතක නෑ..... රහසේ\nදෑස් වලින් කතා කරමු\nදෑස් වලින් රහසේ....\nගහ කොළ මල් කදු වැටි\nනිසොල්මනේ අසා සිටිනවා...\nඅපේ පෙම් පිළිසදරේ...\nරස වෑහෙන සියොත් ගීතිකා රහසේ\nදෑස් වලින් කතා කරමු\nදෑස් වලින් රහසේ....\nදෑස් වලින් කතා කරමු\nදෑස් වලින් රහසේ....\nදෑස් වලින් කතා කරමු\nදෑස් වලින් රහසේ....,වික්ටර් රත්නායක;ලතා වල්පොල,Victor Rathnayake;Latha Walpola,වික්ටර් රත්නායක,Victor Rathnayake,දෙතොල් විලේ,විලේ,දෙතොල්,ලස්සන තෙතමනය රැඳුනු තොල් දෙක
සඳට අහස,Sadhata Ahasa,ප්‍රේමකීර්ති ද අල්විස්,Premakeerthi De Alvis,සඳට අහස ආදරේ දෝ\nහ්ම් හ්ම්...\nමලට බඹරු ආදරේ දෝ\nහ්ම් හ්ම්...\nදෙනෙතට වත ආදරේ දෝ\nහ්ම් හ්ම්...\nසොඳුරියෙ මට ආදරේ දෝ\nනෑ නෑ...\nසඳට අහස ආදරේ දෝ\nහ්ම් හ්ම්...\nමලට බඹරු ආදරේ දෝ\nහ්ම් හ්ම්...\nදෙනෙතට වත ආදරේ දෝ\nහ්ම් හ්ම්...\nසොඳුරියෙ මට ආදරේ දෝ\nනෑ නෑ...\nසිය හිස මල් තුරු ලිය සුරකින්නේ\nආදරෙන් නේදෝ\nහ්ම් හ්ම්...\nදුහුවිලි පිස මැණිකක් අහුලන්නේ\nආදරෙන් නේදෝ\nහ්ම් හ්ම්...\nඔබ මගෙ හදවත් කුටියට එන්නේ\nආදරෙන් නේදෝ\nනෑ නෑ...\nසයුරෙහි දිය කඳුළක් තරමින් වත්\nආදරෙයි නේදෝ\nනෑ නෑ...\nඑහෙනම් මා මුමුණන ගී පද\nපෙරළා යළි කියනව දෝ\nහ්ම් හ්ම්...\nපඳ සහනයි\nසඳ පහනයි\nපද මවනයි\nමද පවනයි\nවසර සසන තුරු\nසසර වසන තුරු\nඅම මාදරෙයි\nමම ආදරෙයි\nමම ආදරෙයි\nහ්ම් හ්ම්...\nමම ආදරෙයි\nහ්ම් හ්ම්,වික්ටර් රත්නායක;සුජාතා  අත්තනායක,Victor Rathnayake; Sujatha Aththanayake,වික්ටර් රත්නායක,Victor Rathnayake,හදවත් කුටියට,කුටිය,හදවත,ඉඩ තිබෙන හිස් හදවතට
නීල බිගු කැල,Neela Bigu Kela,කේ. ඩි. කේ. ධර්මවර්ධන,K. D. K. Dharmawardana,නීල බිගු කැල කාම රස පෙල\nආදරෙන් සනසාලා.\nතිසර තුඩු මුදු තඹර පහසින්\nමෝහනය වීලා...//\nමාරුතේ මතුරා යතේ\nසුරඟුන් නැගූ මුකුළු\nමාවතේ අතුරා ඇතේ\nසුරඟුන් නෙලූ කැකුළු.\nසුරඟුන් නෙලූ කැකුළු.\nනීල බිගු කැල කාම රස පෙල\nආදරෙන් සනසාලා.\nතිසර තුඩු මුදු තඹර පහසින්\nමෝහනය වීලා...\nජීවිතේ කිරි සාගරේ\nකළඹා දිනූ කිදුරී\nමීවිතේ මදුරා පුරා\nසඟවා නොයන් සොදුරී...\nසඟවා නොයන් සොඳුරී...,වික්ටර් රත්නායක,Victor Rathnayake,වික්ටර් රත්නායක,Victor Rathnayake,ජීවිතේ කිරි සාගරේ,කිරි සාගරේ,ජීවිතේ,කෙළවරක් නොපෙනෙන සොඳුරු ජීවිතේ
ඉරක් පායනා  දේශය,Irak Payana Deshaya,පද්මකුමාර මෙත්තාසේන,Padmakumara Meththasena,ඉරක් පායනා දේශය - ලොවක් ලොබ බැදුණු දේශය\nමගේ මේ රටයි සුන්දර - බලනු මැන සකී...//\nජාතියේ උදා ලෝකය - මගේ හදවතයි දේශය\nසිංහලේ මගේ පින්බර - පොළොව මම සිඹිම්.//\nසිංහලේ මගේ පින්බර - පොළොව මම සිඹිම්.\nවිදෙස් දේශයන් අබියස - නිවට ජාතියක් විලසට\nදෙදණ බිම ඔබා මැතිදුනි - හිඳිනු මම කෙසේ.//\nජාතියේ මහා මානය - මගේ හදවතයි දේශය.\nසිංහලේ මගේ පින්බර - පොළොව මම සිඹිම්.//\nසිංහලේ මගේ පින්බර - පොළොව මම සිඹිම්.\nඉරක් පායනා දේශය - ලොවක් ලොබ බැදුණු දේශය.\nමගේ මේ රටයි සුන්දර - බලනු මැන සකී...//,වික්ටර් රත්නායක,Victor Rathnayake,වික්ටර් රත්නායක,Victor Rathnayake,මගේ හදවතයි දේශය,මගේ හදවත,දේශය,ඔහුට තිබෙන වටිනාම දෙය දේශයයි
මා තොටින් එන,Mathotin Ena,මහින්ද චන්ද්‍රසේකර,Mahinda Chandrasekara,මා තොටින් එන උතුරු හුළඟේ\nගිණි සිඹින මඩු පල්ලියේ\nදෑස් අග මුතු කඳුලු හංගන\nසරෝජා මගෙ දෝණියේ\nවෙඩි හඬට පොඩි අකුරු ඇදවෙයි\nමක් කරන්නනද පැංචියේ\nගුරුතුමී මා සිසුවියයි නුඹ\nඒත් අපි එක පංතියේ\nකරවටේ අත දමා හිනැහුනු\nකෝ නුඹේ පොඩි යාළුවන්\nදයාවක් නැති ලෝකයක් දැක\nඋන් ගිහින් පැන මායිමෙන\nතාත්තා හීනෙන් ඇවිත් අත\nවනන තුරු කඳවුරු දොරින්\nකාටවත් නැති දුවේ කවුරුන්\nනුඹ රකීවිද සෙනෙහසින්\nමන්දිරේ දොර නුඹව කැඳවයි\nබේබිලා හඬනා හඬින්\nමායිමේ වැට හඬ ගසයි හෙට\nඅවි දරා රකිනා ලෙසින්\nදමා ගොදුරට කෙලෙස යන්නද\nඒත් යන්නට වෙයි ඉතිං\nවරක් දැක සිත නිවාගන්නට\nදුවේ ඩින්ගක් හිනැහියන්,දීපිකා  ප්‍රියදර්ශනී,Deepika Priyadarshani,රෝහණ වීරසිංහ,Rohana Weerasinghe,ජීවිතේ කිරි සාගරේ,කිරි සාගරේ,ජීවිතේ,කෙළවරක් නොපෙනෙන සොඳුරු ජීවිතේ